Entity,Country Code,Continent Code,Year,Schizophrenia (%),Bipolar disorder (%),Eating disorders (%),Anxiety disorders (%),Drug use disorders (%),Depression (%),Alcohol use disorders (%)
Argentina,ARG,SA,1990,0.1944222159,0.7556740264,0.3236859203,6.16592127,0.9194244479,3.569179857,1.91893853
Argentina,ARG,SA,1991,0.1941840915,0.7563857276,0.3269037544,6.174471331,0.9203232685,3.579067521,2.022040216
Argentina,ARG,SA,1992,0.1940340218,0.7571391353,0.3305035865,6.182707419,0.9212963381,3.588854632,2.116046805
Argentina,ARG,SA,1993,0.1939725295,0.7579091345,0.3342859384,6.190356058,0.921620296,3.597365719,2.193306602
Argentina,ARG,SA,1994,0.1940037612,0.7586859658,0.338418396,6.197271236,0.9215811762,3.606913186,2.246206073
Argentina,ARG,SA,1995,0.1941232872,0.7594335609,0.3420515798,6.203264873,0.9210082387,3.615923964,2.266896963
Argentina,ARG,SA,1996,0.1944171769,0.7602367261,0.3475888327,6.207523426,0.9188348191,3.626560304,2.26802254
Argentina,ARG,SA,1997,0.1949032317,0.7611848652,0.3530549314,6.21028378,0.9147141715,3.636296096,2.267956985
Argentina,ARG,SA,1998,0.1954628103,0.7621847448,0.3589885966,6.212471561,0.9098563748,3.643305809,2.267221453
Argentina,ARG,SA,1999,0.1959648252,0.7631062688,0.3638139356,6.214768569,0.9065645932,3.652057396,2.266152499
Argentina,ARG,SA,2000,0.1962894305,0.7638770417,0.3658397563,6.218308934,0.9047380693,3.657304606,2.265180732
Argentina,ARG,SA,2001,0.1964265811,0.7648845676,0.3653038876,6.225155283,0.908681379,3.658839104,2.264304235
Argentina,ARG,SA,2002,0.1964967066,0.7664158379,0.3649912027,6.235853072,0.9151566504,3.65897137,2.262875484
Argentina,ARG,SA,2003,0.1965180423,0.7680161829,0.3633725534,6.247079382,0.9236707292,3.658181304,2.259730743
Argentina,ARG,SA,2004,0.1965374082,0.7693428161,0.3625466518,6.256248554,0.9326593517,3.657001679,2.254093682
Argentina,ARG,SA,2005,0.1965882671,0.7700108214,0.3628427665,6.260736248,0.9371959243,3.655549395,2.244914288
Argentina,ARG,SA,2006,0.1967131291,0.7701853397,0.3641320281,6.261818888,0.9411327965,3.653175208,2.196386688
Argentina,ARG,SA,2007,0.1969303131,0.7704143811,0.3677608278,6.263549413,0.9444491215,3.651585534,2.096837166
Argentina,ARG,SA,2008,0.1971801974,0.770660786,0.3724712151,6.265571833,0.9479896389,3.649862314,1.980933302
Argentina,ARG,SA,2009,0.1973995219,0.7708773272,0.3780550086,6.267259288,0.9507961393,3.647560385,1.883427985
Argentina,ARG,SA,2010,0.1975414021,0.771083777,0.3811851993,6.26871788,0.9550347973,3.647930393,1.839167894
Argentina,ARG,SA,2011,0.1976166974,0.7712512481,0.3840783212,6.269781851,0.9584959332,3.64749915,1.833472433
Argentina,ARG,SA,2012,0.1977106521,0.7715224423,0.3881993729,6.271652797,0.9641450629,3.648385273,1.828883062
Argentina,ARG,SA,2013,0.1978006623,0.7718206117,0.3908264287,6.273678758,0.9712571083,3.651043597,1.825345754
Argentina,ARG,SA,2014,0.1978919572,0.7721754632,0.3948665562,6.276019871,0.9793286073,3.654178219,1.823080077
Argentina,ARG,SA,2015,0.1979780112,0.7725675406,0.397997794,6.278538229,0.9879983888,3.657683138,1.822172282
Argentina,ARG,SA,2016,0.1980416633,0.7729477071,0.4011075599,6.280932419,0.9990985445,3.661311853,1.822573101
Argentina,ARG,SA,2017,0.1980936923,0.773376024,0.4040331631,6.283677861,1.00890084,3.665488272,1.824514659
Australia,AUS,AUS,1990,0.3604885638,1.129134447,0.7000905252,6.52529437,2.133236149,4.621186588,1.352910164
Australia,AUS,AUS,1991,0.361195682,1.132646913,0.7041087481,6.519968278,2.185893106,4.671932879,1.392997456
Australia,AUS,AUS,1992,0.3618925134,1.135935542,0.7080008176,6.513663308,2.235080411,4.715412262,1.430157923
Australia,AUS,AUS,1993,0.3625239721,1.138790261,0.713707948,6.505451924,2.275938891,4.754453766,1.462686464
Australia,AUS,AUS,1994,0.3630006154,1.140926531,0.7195081702,6.494057205,2.308155025,4.783948341,1.488673107
Australia,AUS,AUS,1995,0.3632594425,1.142136995,0.7252937839,6.478469081,2.32889826,4.804053117,1.50630991
Australia,AUS,AUS,1996,0.363434883,1.142788111,0.7334811487,6.45637984,2.343328213,4.810793573,1.51942273
Australia,AUS,AUS,1997,0.3637088658,1.143479718,0.7460916198,6.430589826,2.359423638,4.810776131,1.532103804
Australia,AUS,AUS,1998,0.3640295736,1.14414088,0.7615519602,6.406341833,2.375713857,4.801317069,1.54301173
Australia,AUS,AUS,1999,0.3643430972,1.144737027,0.7773219859,6.389211373,2.386831061,4.796896412,1.55070728
Australia,AUS,AUS,2000,0.3646087379,1.145252627,0.791917664,6.384728149,2.388356001,4.80322412,1.553825581
Australia,AUS,AUS,2001,0.3649950912,1.145960576,0.8083473821,6.417576085,2.360694268,4.823556565,1.543208539
Australia,AUS,AUS,2002,0.3656016848,1.147003112,0.8282310405,6.491120312,2.297017238,4.854391887,1.517320532
Australia,AUS,AUS,2003,0.3662737575,1.148157915,0.8503757766,6.578489132,2.215742305,4.892316839,1.486346876
Australia,AUS,AUS,2004,0.3668237179,1.149127127,0.8704397491,6.652205803,2.137956715,4.920485778,1.460323977
Australia,AUS,AUS,2005,0.3670783928,1.149604444,0.8842592778,6.684743125,2.086480128,4.929038256,1.449450516
Australia,AUS,AUS,2006,0.3669685751,1.149699543,0.8963827064,6.681045683,2.056730319,4.923528161,1.45395798
Australia,AUS,AUS,2007,0.366635315,1.149731306,0.9065801262,6.667900351,2.027428998,4.906827297,1.464827412
Australia,AUS,AUS,2008,0.3662039244,1.149689315,0.9155718868,6.650490525,2.003807513,4.882333647,1.478266544
Australia,AUS,AUS,2009,0.3658130544,1.149595727,0.9234550662,6.634350116,1.991759024,4.857927125,1.490525015
Australia,AUS,AUS,2010,0.365597517,1.149425142,0.9280426812,6.624616879,1.993151133,4.834220383,1.497866975
Australia,AUS,AUS,2011,0.3654637799,1.149079064,0.9319346081,6.61950319,2.007702912,4.81362237,1.501283772
Australia,AUS,AUS,2012,0.3652452126,1.148472992,0.9357595141,6.614106598,2.032422348,4.790079667,1.504313939
Australia,AUS,AUS,2013,0.3649422485,1.14759315,0.9391755305,6.608197992,2.068834852,4.75968633,1.506864441
Australia,AUS,AUS,2014,0.3645767515,1.146474516,0.9416608084,6.602040546,2.114377222,4.731141977,1.508926379
Australia,AUS,AUS,2015,0.3641632011,1.145129802,0.9432061986,6.59569131,2.170633606,4.696774006,1.51043437
Australia,AUS,AUS,2016,0.3637426336,1.143668679,0.9439906069,6.589756626,2.237198384,4.659817333,1.511464753
Australia,AUS,AUS,2017,0.3633263334,1.142097012,0.943081004,6.584301177,2.315142073,4.623880986,1.511935142
Brazil,BRA,SA,1990,0.20055831,1.093153293,0.2330119299,5.56994,0.9434059295,3.534531592,2.416658957
Brazil,BRA,SA,1991,0.2009314751,1.094518289,0.2337136053,5.563857004,0.9479670382,3.529751086,2.422741033
Brazil,BRA,SA,1992,0.2012812043,1.09584346,0.2345708205,5.563495385,0.9521206433,3.531068103,2.433287828
Brazil,BRA,SA,1993,0.2015871062,1.097048489,0.2354555846,5.567271108,0.955400055,3.537037284,2.447223399
Brazil,BRA,SA,1994,0.2018344452,1.098076164,0.2365091876,5.573641064,0.957739271,3.544955695,2.463527086
Brazil,BRA,SA,1995,0.2020044274,1.098843791,0.2373140427,5.580976563,0.958947442,3.553949338,2.481157382
Brazil,BRA,SA,1996,0.2021109324,1.099408548,0.2384040334,5.632947358,0.9595507233,3.613852954,2.513058144
Brazil,BRA,SA,1997,0.2021897023,1.09989645,0.240256148,5.749887836,0.9602182763,3.746093207,2.564112578
Brazil,BRA,SA,1998,0.2022503435,1.10030767,0.2421990873,5.895317524,0.9608225457,3.90235214,2.621187053
Brazil,BRA,SA,1999,0.202299777,1.100633712,0.2438326699,6.0326694,0.9616618228,4.034842123,2.670994491
Brazil,BRA,SA,2000,0.2023480003,1.100882037,0.2451532735,6.125478613,0.9622728242,4.097776146,2.700238347
Brazil,BRA,SA,2001,0.202414479,1.101135,0.2460115459,6.189375393,0.964258537,4.106734568,2.707953471
Brazil,BRA,SA,2002,0.202504231,1.101450407,0.2468440302,6.257604356,0.9681246422,4.110734349,2.705431858
Brazil,BRA,SA,2003,0.2026085391,1.101807792,0.2475948755,6.320208972,0.9725040671,4.109455893,2.697841605
Brazil,BRA,SA,2004,0.202716484,1.102166901,0.2485812135,6.367079338,0.9766912741,4.102728873,2.690265346
Brazil,BRA,SA,2005,0.2028186535,1.102488924,0.2496686216,6.388077873,0.979773017,4.090663864,2.687806907
Brazil,BRA,SA,2006,0.2030197181,1.102972735,0.2513112118,6.392372494,0.9860633896,4.027395017,2.691150547
Brazil,BRA,SA,2007,0.2033731357,1.103756467,0.2540807705,6.395706133,0.9978768645,3.89557776,2.696484519
Brazil,BRA,SA,2008,0.2037904663,1.104678758,0.2571580872,6.397379792,1.011868233,3.735730072,2.702301922
Brazil,BRA,SA,2009,0.2041720017,1.105516787,0.2602956919,6.396335726,1.024538056,3.588453596,2.70694084
Brazil,BRA,SA,2010,0.2044232118,1.106080315,0.2628123243,6.39171076,1.032366829,3.497158735,2.708814357
Brazil,BRA,SA,2011,0.2045776621,1.106378257,0.2649753403,6.377567342,1.036563897,3.449546991,2.708269794
Brazil,BRA,SA,2012,0.2047398625,1.106618192,0.2672341248,6.350156995,1.040600438,3.40806811,2.70670727
Brazil,BRA,SA,2013,0.2049068143,1.106805279,0.2693456384,6.311100044,1.04511949,3.37192561,2.704130271
Brazil,BRA,SA,2014,0.2050726257,1.106927943,0.2713475607,6.261913454,1.049781494,3.342010969,2.700511101
Brazil,BRA,SA,2015,0.205234704,1.10698786,0.2733660951,6.204157856,1.054041109,3.319423051,2.695874807
Brazil,BRA,SA,2016,0.2053910741,1.106987934,0.2753013349,6.139400567,1.058309969,3.304642844,2.690277078
Brazil,BRA,SA,2017,0.2055340398,1.106914712,0.2770507653,6.069179504,1.061681334,3.29736759,2.683580505
Canada,CAN,NA,1990,0.3138945154,0.7160746566,0.442651692,5.538490814,1.802015851,4.08951474,1.529049679
Canada,CAN,NA,1991,0.3140183952,0.7163830425,0.4423076983,5.540824036,1.811852014,4.097314354,1.518659977
Canada,CAN,NA,1992,0.3141384114,0.7166930984,0.4416884395,5.54339867,1.830119385,4.10566137,1.510788412
Canada,CAN,NA,1993,0.3142479896,0.7169875663,0.4421788227,5.54600147,1.854861438,4.111714569,1.505523935
Canada,CAN,NA,1994,0.3143284569,0.7172230518,0.442958936,5.548263496,1.882812278,4.117475676,1.502865859
Canada,CAN,NA,1995,0.314364263,0.7173488097,0.4435470503,5.549673391,1.912995991,4.120523931,1.502929898
Canada,CAN,NA,1996,0.314401457,0.717472779,0.4442860524,5.492731719,1.974224124,4.124001685,1.508240019
Canada,CAN,NA,1997,0.314451904,0.7176199699,0.4448092001,5.355030247,2.071110075,4.128427231,1.518930119
Canada,CAN,NA,1998,0.3145169448,0.7177928458,0.4466125255,5.190199686,2.178491841,4.131973093,1.531817874
Canada,CAN,NA,1999,0.3145839102,0.7179778889,0.4479291663,5.051829077,2.267820608,4.134097763,1.543611845
Canada,CAN,NA,2000,0.3146284098,0.7181031401,0.4491419083,4.993251041,2.30997155,4.131314183,1.551039323
Canada,CAN,NA,2001,0.3146503755,0.7178772084,0.4507820585,4.992784882,2.31748754,4.116601871,1.555572148
Canada,CAN,NA,2002,0.3146626259,0.7172049943,0.4545205794,4.99294543,2.318948288,4.085413809,1.560563483
Canada,CAN,NA,2003,0.3146700075,0.7163770615,0.458292999,4.993632737,2.318491843,4.04682458,1.565578765
Canada,CAN,NA,2004,0.31467004,0.7156728727,0.4622919087,4.994661436,2.313770455,4.011866886,1.57014075
Canada,CAN,NA,2005,0.3146677694,0.7153622185,0.4639167276,4.995889829,2.307939235,3.987778062,1.573772645
Canada,CAN,NA,2006,0.3146023916,0.7151961372,0.4653797233,5.014462334,2.293863949,3.970254888,1.576908826
Canada,CAN,NA,2007,0.3144222128,0.7147616669,0.4670219394,5.056273011,2.268609582,3.949366182,1.580034605
Canada,CAN,NA,2008,0.3142232354,0.7142687067,0.4687370316,5.105764214,2.238376417,3.932311474,1.583230486
Canada,CAN,NA,2009,0.3140632865,0.7138606101,0.4695514439,5.146800503,2.213073907,3.918091121,1.586394837
Canada,CAN,NA,2010,0.314013632,0.7137048478,0.4703801145,5.163625209,2.195179799,3.911884849,1.58940412
Canada,CAN,NA,2011,0.3140819647,0.7138009881,0.4708919924,5.163594606,2.188104701,3.913974078,1.592539954
Canada,CAN,NA,2012,0.3142128407,0.7140265783,0.4717088737,5.164412993,2.187285511,3.919380699,1.596010021
Canada,CAN,NA,2013,0.3143877927,0.7143219499,0.472149298,5.16581078,2.19462037,3.926503378,1.599726717
Canada,CAN,NA,2014,0.3146173913,0.7147095399,0.4734264293,5.1679208,2.207245002,3.936199209,1.603800943
Canada,CAN,NA,2015,0.3149007223,0.7151994064,0.474343254,5.170797348,2.225149681,3.949641711,1.608215333
Canada,CAN,NA,2016,0.31523167,0.7157889392,0.4755923133,5.174358611,2.248352316,3.9674909,1.612934069
Canada,CAN,NA,2017,0.3155881045,0.7164133538,0.4773042772,5.178218395,2.276228814,3.988792073,1.617937042
China,CHN,AS,1990,0.3189235227,0.3145345308,0.08591780192,3.128625545,1.147396726,3.573965701,0.9818073564
China,CHN,AS,1991,0.3193909307,0.314987111,0.08702118355,3.132285583,1.155387681,3.572288321,1.006175181
China,CHN,AS,1992,0.3198782864,0.3154661379,0.08818286594,3.137312135,1.161279587,3.56873004,1.030312367
China,CHN,AS,1993,0.320380758,0.3159614398,0.08940490694,3.143258022,1.165176007,3.56211296,1.052846423
China,CHN,AS,1994,0.3208832458,0.3164515568,0.09079003221,3.149543999,1.16772612,3.55186863,1.072372971
China,CHN,AS,1995,0.3213471818,0.316898185,0.09220698467,3.155898325,1.16867494,3.537546745,1.087231791
China,CHN,AS,1996,0.3217992032,0.3173067656,0.09381883699,3.178563172,1.165593625,3.517615218,1.102867608
China,CHN,AS,1997,0.3222681155,0.3177059212,0.09577080516,3.22384161,1.157256344,3.494326144,1.122993357
China,CHN,AS,1998,0.3227563302,0.3181063856,0.09793011631,3.276265732,1.145215007,3.46964719,1.143543692
China,CHN,AS,1999,0.3232592605,0.3185128121,0.1001766402,3.320115508,1.132411192,3.446913,1.160306299
China,CHN,AS,2000,0.3237623768,0.3189152041,0.1024795074,3.33978392,1.120489662,3.429119342,1.168854466
China,CHN,AS,2001,0.3243776227,0.3194324147,0.1047500775,3.330393924,1.108134276,3.416192569,1.168667293
China,CHN,AS,2002,0.3251568146,0.3201035763,0.1074416609,3.303749733,1.093777348,3.405827577,1.164186948
China,CHN,AS,2003,0.3260119257,0.3208157774,0.1102028483,3.269052538,1.078632191,3.39733092,1.15840998
China,CHN,AS,2004,0.3268177295,0.3214351899,0.1131820398,3.235555293,1.064846914,3.390572632,1.154194764
China,CHN,AS,2005,0.3274161701,0.3217854257,0.1161103437,3.212888232,1.054821377,3.383843648,1.154230139
China,CHN,AS,2006,0.3280072639,0.3219842834,0.119187555,3.199774489,1.046925124,3.383220223,1.162915365
China,CHN,AS,2007,0.3288185997,0.3222155544,0.1224032749,3.187971101,1.040608225,3.390857619,1.179535185
China,CHN,AS,2008,0.329740088,0.3224233809,0.1258535799,3.176508164,1.035720864,3.40142306,1.199069894
China,CHN,AS,2009,0.3306491393,0.3225614572,0.1294271123,3.164576558,1.033862925,3.408947239,1.216364994
China,CHN,AS,2010,0.3314092138,0.3225637147,0.1329488642,3.151692447,1.034345182,3.408793135,1.226153195
China,CHN,AS,2011,0.3321006119,0.3224696278,0.1364892661,3.137423638,1.037749458,3.402177511,1.229909108
China,CHN,AS,2012,0.3328983371,0.3223551479,0.1400754373,3.121832694,1.044063722,3.393032178,1.232653992
China,CHN,AS,2013,0.3338005886,0.3222333811,0.1439605382,3.104979575,1.052717995,3.381549648,1.234203424
China,CHN,AS,2014,0.3347955613,0.3221243091,0.1476756218,3.087059177,1.064055727,3.367461632,1.234217946
China,CHN,AS,2015,0.3358520426,0.3220196917,0.1515134817,3.068530781,1.078275235,3.351278679,1.232189991
China,CHN,AS,2016,0.3369809317,0.3219489009,0.1555110011,3.049822826,1.094714128,3.332592201,1.227792875
China,CHN,AS,2017,0.3381740726,0.3219060296,0.1595875213,3.030968888,1.113943153,3.311305897,1.220902816
France,FRA,EU,1990,0.2560020053,0.9583187108,0.5011591179,6.588653397,1.04402732,4.600998022,1.397251637
France,FRA,EU,1991,0.2567475836,0.9612651978,0.5049384153,6.600835862,1.027921508,4.564180122,1.388860929
France,FRA,EU,1992,0.2574395544,0.9640979629,0.5085023289,6.614875339,1.013919481,4.531907242,1.382412225
France,FRA,EU,1993,0.2580210115,0.9665778066,0.512078555,6.628746114,1.004686477,4.505929498,1.37786654
France,FRA,EU,1994,0.2584691636,0.968579566,0.515090951,6.641235527,0.9989729305,4.488329625,1.37535248
France,FRA,EU,1995,0.2587007676,0.9697567089,0.5176157481,6.649508846,0.998064673,4.480828659,1.374703876
France,FRA,EU,1996,0.2587639881,0.9705279837,0.5194328267,6.663567898,1.003673019,4.472545199,1.377425683
France,FRA,EU,1997,0.2587467763,0.9713219846,0.5218426084,6.689107377,1.016694375,4.458007629,1.383627753
France,FRA,EU,1998,0.2586745346,0.9720037328,0.5238438234,6.718134254,1.0333892,4.438569505,1.391317437
France,FRA,EU,1999,0.258611027,0.9725980183,0.5259113155,6.743643829,1.050372489,4.424647011,1.398719694
France,FRA,EU,2000,0.258596095,0.9730109111,0.5282576969,6.757883031,1.062671691,4.414769922,1.403920902
France,FRA,EU,2001,0.2586613576,0.9726274288,0.5310763331,6.764595271,1.075834293,4.393212562,1.408721436
France,FRA,EU,2002,0.2587782645,0.9712612004,0.535173242,6.771649441,1.096954632,4.352313061,1.415662094
France,FRA,EU,2003,0.2589049188,0.9695126046,0.5392979045,6.77774746,1.120601739,4.30294433,1.424033791
France,FRA,EU,2004,0.2590103151,0.9680336344,0.542626452,6.781921365,1.144806649,4.256865314,1.433206262
France,FRA,EU,2005,0.2590425051,0.9673985668,0.5459909405,6.782676296,1.162592918,4.227000179,1.442388861
France,FRA,EU,2006,0.2588752971,0.9669555234,0.5489957837,6.769682609,1.178536636,4.227962153,1.454069757
France,FRA,EU,2007,0.2585174774,0.9659694725,0.5507187495,6.740930652,1.193194722,4.260417257,1.469029046
France,FRA,EU,2008,0.2580902345,0.9647805479,0.5540639983,6.706933306,1.206760809,4.305071495,1.483707468
France,FRA,EU,2009,0.2576956145,0.9636533695,0.5556022677,6.677647801,1.216404272,4.339658932,1.494494864
France,FRA,EU,2010,0.2574428607,0.9628853479,0.5576216624,6.663107001,1.220550441,4.352982795,1.497854686
France,FRA,EU,2011,0.257284452,0.9623483156,0.5596847494,6.658920707,1.22196324,4.347922498,1.4952374
France,FRA,EU,2012,0.2571083086,0.9617404335,0.5617043426,6.654162577,1.221355942,4.340423485,1.490233221
France,FRA,EU,2013,0.2569161354,0.9610429357,0.5642624782,6.648781445,1.218235878,4.329669516,1.482519181
France,FRA,EU,2014,0.2567257385,0.9603255863,0.5669107603,6.643231434,1.213051989,4.316752885,1.471848601
France,FRA,EU,2015,0.2565374352,0.9595731197,0.5693378526,6.637444541,1.20466292,4.299325812,1.457863024
France,FRA,EU,2016,0.2563775516,0.9588748378,0.571357464,6.63205525,1.194649866,4.278158527,1.440361512
France,FRA,EU,2017,0.2562379047,0.9581989776,0.5737552866,6.626710211,1.179268316,4.253807263,1.418957891
Germany,DEU,EU,1990,0.2491772526,0.771409724,0.4604088971,6.495742027,0.7696804887,3.947039796,2.142499458
Germany,DEU,EU,1991,0.2504722021,0.7707116613,0.4652263342,6.581742243,0.7594520161,3.93816236,2.144216669
Germany,DEU,EU,1992,0.2515608187,0.7702042497,0.4693929407,6.658989051,0.7534559884,3.930588302,2.146701899
Germany,DEU,EU,1993,0.2524064829,0.7699048564,0.4728255603,6.72234919,0.7491797666,3.920866079,2.149036076
Germany,DEU,EU,1994,0.2529610614,0.7697550334,0.4756730357,6.765661705,0.7487629186,3.909668571,2.150612533
Germany,DEU,EU,1995,0.2531913002,0.7697405267,0.4777582248,6.783240157,0.7507216856,3.899397055,2.151015063
Germany,DEU,EU,1996,0.2530134197,0.769903683,0.4800718214,6.784380984,0.7575729759,3.882934256,2.153614903
Germany,DEU,EU,1997,0.2525161383,0.7702662767,0.4813728792,6.782581004,0.7717696594,3.857158801,2.159981834
Germany,DEU,EU,1998,0.2518974344,0.7706944689,0.4828428147,6.777523168,0.7871380604,3.827478706,2.166559824
Germany,DEU,EU,1999,0.2513748095,0.7711111728,0.4841527626,6.7693997,0.8024109045,3.80489943,2.169942323
Germany,DEU,EU,2000,0.2511730256,0.7714641462,0.4862396366,6.758848019,0.8154813084,3.796649651,2.16653952
Germany,DEU,EU,2001,0.2513017145,0.7719995286,0.4887198498,6.727609139,0.8270432154,3.810194275,2.141658144
Germany,DEU,EU,2002,0.2515718697,0.7728803473,0.491725982,6.669915984,0.8383688671,3.844408242,2.093558127
Germany,DEU,EU,2003,0.2518993897,0.773913984,0.4938885929,6.604618473,0.8501142353,3.882225923,2.038042674
Germany,DEU,EU,2004,0.2521826664,0.7748300341,0.4963099633,6.549976368,0.8593795594,3.916444459,1.991043425
Germany,DEU,EU,2005,0.2523443463,0.7754541049,0.4995048012,6.525484746,0.8684817886,3.931692957,1.968473289
Germany,DEU,EU,2006,0.2522911701,0.7762731571,0.5016860666,6.528920789,0.8758641797,3.932748808,1.976897515
Germany,DEU,EU,2007,0.2520669003,0.777668444,0.5055536172,6.542041956,0.8843828764,3.931453525,2.004103627
Germany,DEU,EU,2008,0.2517997544,0.7793039921,0.5093589989,6.559577144,0.8936827746,3.929604038,2.037797352
Germany,DEU,EU,2009,0.2515662234,0.7806808642,0.5127740992,6.574972023,0.8998173229,3.927844351,2.065071926
Germany,DEU,EU,2010,0.2514780118,0.7814128612,0.5153696542,6.582873875,0.9028983127,3.927667977,2.07312021
Germany,DEU,EU,2011,0.2514845179,0.7815823596,0.5169479839,6.584403488,0.9035496033,3.928060339,2.062087191
Germany,DEU,EU,2012,0.2514938788,0.7814591982,0.5187023881,6.583427409,0.902417566,3.930374681,2.042077918
Germany,DEU,EU,2013,0.2515272178,0.7810886787,0.5206112649,6.58038398,0.8993594458,3.934020697,2.012937881
Germany,DEU,EU,2014,0.2515913839,0.7804409676,0.521991688,6.574940358,0.8964220004,3.940118703,1.974528105
Germany,DEU,EU,2015,0.2517198099,0.7795174305,0.5228468091,6.566759026,0.8938469772,3.946206351,1.927178362
Germany,DEU,EU,2016,0.2519561973,0.7778224607,0.5215955052,6.547990386,0.8908996849,3.949597943,1.874790787
Germany,DEU,EU,2017,0.2522693135,0.7767618863,0.5220663374,6.540495803,0.88382705,3.959866092,1.806474683
India,IND,AS,1990,0.2615872227,0.5519710079,0.1050155325,3.323845432,0.4866509499,3.758695157,1.372084389
India,IND,AS,1991,0.2616600428,0.5520880842,0.1053928783,3.321820362,0.4810615837,3.804294069,1.387638399
India,IND,AS,1992,0.2617197183,0.5521943787,0.105952034,3.319529959,0.4776848847,3.844710574,1.403009003
India,IND,AS,1993,0.2617658896,0.5522889278,0.106649387,3.317122994,0.4757320219,3.877967777,1.416870106
India,IND,AS,1994,0.2617964217,0.5523733858,0.1073763747,3.314811006,0.4749155423,3.9030625,1.427809983
India,IND,AS,1995,0.2618108834,0.5524452504,0.1082274762,3.312675784,0.4748060116,3.917892862,1.434581823
India,IND,AS,1996,0.2618170662,0.5525320667,0.1092361717,3.308029396,0.4780443158,3.922939532,1.445345141
India,IND,AS,1997,0.2618216344,0.5526462009,0.1105869274,3.29991816,0.4849800139,3.922614255,1.464850691
India,IND,AS,1998,0.2618260902,0.5527650546,0.1120752158,3.291035837,0.4938186037,3.920097691,1.486881909
India,IND,AS,1999,0.2618328988,0.5528686405,0.1137048207,3.284051945,0.5009492635,3.918081579,1.505248696
India,IND,AS,2000,0.261842199,0.5529379314,0.1152632853,3.281728,0.5038107193,3.920528306,1.513664537
India,IND,AS,2001,0.2618849877,0.5530122072,0.1168330475,3.284842827,0.5035166168,3.932222784,1.512144895
India,IND,AS,2002,0.2619833595,0.55314115,0.118564071,3.291147428,0.503091046,3.952140367,1.5062529
India,IND,AS,2003,0.2621161914,0.5532999648,0.1203650975,3.298744745,0.5026131558,3.972797333,1.497945365
India,IND,AS,2004,0.2622635422,0.5534670891,0.1222234437,3.305827771,0.5020766285,3.987670281,1.489245214
India,IND,AS,2005,0.2624039597,0.5536217058,0.1241105266,3.310624721,0.5019263874,3.990432344,1.482164411
India,IND,AS,2006,0.2626119864,0.5537996064,0.1262306059,3.309677048,0.501409153,3.939382011,1.451933787
India,IND,AS,2007,0.2629225458,0.554040649,0.1285910854,3.303175805,0.5002221765,3.826047059,1.386797889
India,IND,AS,2008,0.2632575028,0.5543227624,0.1311576243,3.294630506,0.4990746596,3.69186859,1.3082561
India,IND,AS,2009,0.2635369448,0.5546185108,0.1338407202,3.287489389,0.4991235325,3.577714837,1.23778392
India,IND,AS,2010,0.2636763727,0.5548878589,0.1364697077,3.285097628,0.5006071582,3.525899714,1.196833963
India,IND,AS,2011,0.2635627767,0.555143889,0.1390988053,3.286322758,0.5032338261,3.520174362,1.178417815
India,IND,AS,2012,0.2631561784,0.5554253194,0.1418915553,3.287911599,0.506062334,3.515980072,1.161647316
India,IND,AS,2013,0.2624892736,0.5557289774,0.1448731118,3.289877426,0.5093286478,3.513399807,1.147223545
India,IND,AS,2014,0.2615961366,0.5560502,0.1479374414,3.292164254,0.5130283624,3.513171428,1.135893672
India,IND,AS,2015,0.2605089235,0.5563895086,0.1511497842,3.294846019,0.5172564784,3.515554488,1.128305647
India,IND,AS,2016,0.2592556482,0.5567443714,0.1544419944,3.298067384,0.5220723142,3.520805363,1.125007506
India,IND,AS,2017,0.2578640006,0.5571115604,0.157758125,3.301938925,0.5274107226,3.529852597,1.126606726
Japan,JPN,AS,1990,0.2909502731,0.685276352,0.4085456675,3.558083325,0.852090334,3.062596532,0.5524530216
Japan,JPN,AS,1991,0.2908126303,0.6856500173,0.4153821314,3.559610897,0.8511257782,3.064305753,0.5542922399
Japan,JPN,AS,1992,0.2907159502,0.6860078738,0.4217776079,3.561091775,0.8502653658,3.064719082,0.556162883
Japan,JPN,AS,1993,0.2906704397,0.6863617997,0.4276557048,3.562593546,0.8497063665,3.06485751,0.5579670439
Japan,JPN,AS,1994,0.2906733084,0.6866844326,0.4326121996,3.563983995,0.8497233849,3.063447062,0.5596262703
Japan,JPN,AS,1995,0.2907281341,0.6869622816,0.4368192911,3.565138237,0.8498749199,3.06157988,0.5610587447
Japan,JPN,AS,1996,0.2908636185,0.6872779537,0.4405856219,3.559245897,0.8499941257,3.051899359,0.5627035752
Japan,JPN,AS,1997,0.2910611913,0.6876375198,0.4443971076,3.543520193,0.8496564498,3.032028538,0.564778594
Japan,JPN,AS,1998,0.2912948637,0.6880501847,0.4480441359,3.524714811,0.8494506388,3.010070034,0.5668968758
Japan,JPN,AS,1999,0.2915127784,0.6884508846,0.4509479743,3.509240693,0.849455332,2.993176352,0.5686267352
Japan,JPN,AS,2000,0.2916526057,0.6887611602,0.4526087854,3.503310957,0.8497761648,2.988968547,0.569525928
Japan,JPN,AS,2001,0.2915334032,0.6886866363,0.4531582824,3.503098231,0.8499814453,2.99952484,0.5688181173
Japan,JPN,AS,2002,0.2911403594,0.6881501786,0.4531180316,3.50110853,0.8499032202,3.016932574,0.5666479945
Japan,JPN,AS,2003,0.2906766661,0.6874437842,0.4530219351,3.498492168,0.84984244,3.037310335,0.5639634046
Japan,JPN,AS,2004,0.2903381224,0.6868506141,0.4527622773,3.496301143,0.8502427223,3.056779242,0.5616806535
Japan,JPN,AS,2005,0.2903149963,0.6866439659,0.4529263213,3.495452819,0.8509207103,3.071845568,0.560731015
Japan,JPN,AS,2006,0.2917539065,0.6868176636,0.4538330429,3.501246812,0.8540052376,3.082956356,0.561137562
Japan,JPN,AS,2007,0.2949210754,0.6871281423,0.4552987232,3.514865828,0.8597084111,3.094047953,0.5621407593
Japan,JPN,AS,2008,0.2986893303,0.687475798,0.4569716809,3.531298909,0.8674121004,3.104943925,0.5634857391
Japan,JPN,AS,2009,0.3019314375,0.6877905589,0.4587448056,3.545615883,0.8745365452,3.116651115,0.5649076278
Japan,JPN,AS,2010,0.3035088287,0.6879605328,0.4595800911,3.552643194,0.8800117822,3.129768281,0.5661604184
Japan,JPN,AS,2011,0.3036833605,0.6880101644,0.4599697824,3.554518757,0.8844936872,3.146266656,0.5674784896
Japan,JPN,AS,2012,0.3034666891,0.6880673954,0.4597302011,3.556756305,0.8895029987,3.168773484,0.5692619783
Japan,JPN,AS,2013,0.3028335439,0.6881290124,0.4593403663,3.559257831,0.8946209738,3.195748343,0.5714388775
Japan,JPN,AS,2014,0.3017504109,0.6881870159,0.4585561993,3.561857144,0.9003391285,3.227352666,0.5739318899
Japan,JPN,AS,2015,0.300200969,0.6882556419,0.4575074972,3.564487439,0.9061626353,3.262430898,0.5767099842
Japan,JPN,AS,2016,0.2981548969,0.6883174753,0.4560051056,3.566991862,0.9118013316,3.300907363,0.5797046134
Japan,JPN,AS,2017,0.2955777434,0.6883536082,0.4543786087,3.569054285,0.918162656,3.341564631,0.5828795113
Kenya,KEN,AF,1990,0.1682579609,0.6368163813,0.1233315241,3.588806293,0.4328926573,3.636328907,1.220366453
Kenya,KEN,AF,1991,0.1683487185,0.6366538208,0.122987003,3.591391702,0.4350283306,3.631228387,1.226157783
Kenya,KEN,AF,1992,0.1684039437,0.6365226672,0.1227499873,3.593770624,0.4370452128,3.628246232,1.231791599
Kenya,KEN,AF,1993,0.1684302037,0.6364308093,0.122468653,3.595850628,0.4388199906,3.627330585,1.237234132
Kenya,KEN,AF,1994,0.1684307036,0.6363864218,0.1223218824,3.597593257,0.4404864838,3.627459284,1.242302039
Kenya,KEN,AF,1995,0.1684102767,0.6364033887,0.1221634405,3.599008758,0.441738341,3.629548529,1.246823634
Kenya,KEN,AF,1996,0.1683163844,0.6365070063,0.1220336225,3.600380851,0.4450843224,3.639874128,1.25157504
Kenya,KEN,AF,1997,0.168128694,0.6366598782,0.1219547497,3.601616875,0.4514187997,3.660153636,1.256941446
Kenya,KEN,AF,1998,0.1679119968,0.6368327455,0.121865262,3.60270717,0.4573796767,3.683707696,1.262332611
Kenya,KEN,AF,1999,0.1677292633,0.6369981468,0.1217507039,3.603666006,0.4622551296,3.702923042,1.267050453
Kenya,KEN,AF,2000,0.167644288,0.6371305908,0.1217635329,3.604493352,0.4640983378,3.711449205,1.270386037
Kenya,KEN,AF,2001,0.1676967248,0.6374050127,0.1219211619,3.605629688,0.4640387376,3.71107094,1.273259588
Kenya,KEN,AF,2002,0.167848178,0.6379028706,0.1220648027,3.60706426,0.463741428,3.707975115,1.276735412
Kenya,KEN,AF,2003,0.1680502095,0.6384981621,0.1222638734,3.608639475,0.463383056,3.702906504,1.280257092
Kenya,KEN,AF,2004,0.16825079,0.6390532562,0.1225482287,3.610145269,0.4632559253,3.695773831,1.283296731
Kenya,KEN,AF,2005,0.1683949344,0.6394189405,0.1228188985,3.611288901,0.463563607,3.686510084,1.285308386
Kenya,KEN,AF,2006,0.168520166,0.6396833012,0.123152778,3.611942109,0.4646542278,3.669656094,1.283264588
Kenya,KEN,AF,2007,0.1686839055,0.6399969431,0.1236348975,3.612190817,0.4667844755,3.642445948,1.276538654
Kenya,KEN,AF,2008,0.1688614054,0.6403040048,0.1242217018,3.612322511,0.4695072555,3.611466934,1.267788721
Kenya,KEN,AF,2009,0.1690296227,0.6405489327,0.1248911683,3.612647923,0.4720997116,3.58320695,1.259909343
Kenya,KEN,AF,2010,0.169162655,0.6406586869,0.125539895,3.613346063,0.4742654922,3.563583124,1.255797643
Kenya,KEN,AF,2011,0.1692955388,0.6407046915,0.1263927391,3.614926835,0.4760417015,3.551369849,1.254460806
Kenya,KEN,AF,2012,0.1694719813,0.6407910351,0.1274128502,3.617582213,0.4779148055,3.540023046,1.253120411
Kenya,KEN,AF,2013,0.1696867575,0.6409074202,0.1285763704,3.621163274,0.4796713991,3.529981513,1.25176015
Kenya,KEN,AF,2014,0.169935827,0.6410461267,0.1299547163,3.625599224,0.4816002206,3.521564987,1.250475618
Kenya,KEN,AF,2015,0.1702139168,0.641195703,0.131502138,3.630832461,0.4834459431,3.51488768,1.249349447
Kenya,KEN,AF,2016,0.1705157788,0.6413427082,0.1332245131,3.636767768,0.4853647585,3.510561107,1.24848207
Kenya,KEN,AF,2017,0.1708362639,0.641478214,0.1350048526,3.643352824,0.486993955,3.508418597,1.247794258
Mexico,MEX,NA,1990,0.2060318864,0.803773226,0.2909276648,2.935580832,0.7756369492,2.638416522,1.769652241
Mexico,MEX,NA,1991,0.2063687333,0.8045094292,0.2913928581,2.939100855,0.7772705284,2.656294924,1.737171255
Mexico,MEX,NA,1992,0.2066928991,0.8052381971,0.2919434654,2.942349054,0.7791255758,2.673296805,1.710386434
Mexico,MEX,NA,1993,0.2069919607,0.8059502113,0.2926306075,2.945404763,0.7804591026,2.688768548,1.689638585
Mexico,MEX,NA,1994,0.2072528604,0.8066345237,0.2933294136,2.948339962,0.7818923333,2.701521318,1.675260515
Mexico,MEX,NA,1995,0.2074648367,0.8072850799,0.2939795405,2.951242781,0.7835567971,2.710116583,1.66760037
Mexico,MEX,NA,1996,0.2076033535,0.807752141,0.294650689,2.958802189,0.7841847513,2.717737029,1.668623895
Mexico,MEX,NA,1997,0.2076765177,0.8079857258,0.2953788902,2.973822631,0.784091404,2.727660057,1.677312225
Mexico,MEX,NA,1998,0.2077169913,0.8081042759,0.2962274544,2.993698105,0.7834267354,2.738325664,1.689275851
Mexico,MEX,NA,1999,0.2077694534,0.8082670194,0.2971778128,3.015882765,0.7832218436,2.748387313,1.700368699
Mexico,MEX,NA,2000,0.2078822163,0.8086457149,0.2979538225,3.037853578,0.7836368318,2.756713076,1.706542406
Mexico,MEX,NA,2001,0.2080884347,0.8092573281,0.29933803,3.067833486,0.7855697793,2.764529057,1.705871436
Mexico,MEX,NA,2002,0.208358237,0.8099611158,0.3011563575,3.109213177,0.7883079387,2.773451544,1.701000517
Mexico,MEX,NA,2003,0.2086532674,0.8107028788,0.3031210118,3.152383009,0.7915460494,2.782113719,1.694877617
Mexico,MEX,NA,2004,0.208936801,0.8114275271,0.3047339696,3.187770469,0.7939663594,2.789093645,1.690463172
Mexico,MEX,NA,2005,0.2091680849,0.812064772,0.3058958159,3.205839634,0.7955125297,2.793921451,1.690615826
Mexico,MEX,NA,2006,0.2094018798,0.8127929398,0.3065424332,3.206305091,0.7939976381,2.792500039,1.695728861
Mexico,MEX,NA,2007,0.209684569,0.8137030239,0.3069776809,3.198348605,0.7890611368,2.78575583,1.703157996
Mexico,MEX,NA,2008,0.2099777901,0.8146568877,0.3074353418,3.18703185,0.7831024518,2.776403131,1.711196012
Mexico,MEX,NA,2009,0.2102406835,0.8154999273,0.3079349318,3.177329874,0.778655154,2.766796156,1.718196223
Mexico,MEX,NA,2010,0.2104274921,0.8160510755,0.3084063533,3.174100292,0.7786110133,2.761090082,1.722539505
Mexico,MEX,NA,2011,0.2105740237,0.8164210474,0.3091351808,3.175829927,0.7820664194,2.759083264,1.724856984
Mexico,MEX,NA,2012,0.2107406361,0.8168169662,0.3100407758,3.177621674,0.7861465381,2.759360413,1.726842617
Mexico,MEX,NA,2013,0.2109259342,0.8172354312,0.3110761816,3.179421568,0.7912680991,2.761886257,1.728490555
Mexico,MEX,NA,2014,0.2111235587,0.8176566574,0.3122983234,3.181159057,0.7972942568,2.766085232,1.729702693
Mexico,MEX,NA,2015,0.2113342193,0.8180931267,0.3137269975,3.182934272,0.8041954031,2.772135821,1.730384239
Mexico,MEX,NA,2016,0.2115509544,0.8185222328,0.3152489935,3.184675183,0.8121575531,2.779874889,1.730409429
Mexico,MEX,NA,2017,0.211765456,0.8189213485,0.3169754492,3.186326412,0.8208632585,2.78880657,1.729604254
Nigeria,NGA,AF,1990,0.1744785768,0.6372729431,0.1281577727,2.863635445,0.4285821237,3.93453547,0.959104672
Nigeria,NGA,AF,1991,0.1740856486,0.6371804086,0.1257328165,2.861698557,0.4334800799,3.914469223,0.9441769359
Nigeria,NGA,AF,1992,0.1737204586,0.6370924535,0.1234038717,2.859659544,0.437586748,3.901840003,0.930633448
Nigeria,NGA,AF,1993,0.1734001464,0.6370069676,0.1214268081,2.857589881,0.4401328121,3.894071432,0.9194394161
Nigeria,NGA,AF,1994,0.1731413171,0.6369211507,0.1201709322,2.85556502,0.4431333147,3.891122365,0.9115404899
Nigeria,NGA,AF,1995,0.172963893,0.6368353599,0.1195417546,2.853727315,0.4445284296,3.890893731,0.9078467723
Nigeria,NGA,AF,1996,0.1728051949,0.6367573171,0.1190732492,2.850870579,0.4449080814,3.91158753,0.90701255
Nigeria,NGA,AF,1997,0.1726172219,0.6366899358,0.1186808215,2.84645528,0.444997537,3.960369758,0.9068337423
Nigeria,NGA,AF,1998,0.1724467593,0.6366437695,0.1184382257,2.84162646,0.4451472903,4.019440808,0.9070140285
Nigeria,NGA,AF,1999,0.1723375828,0.636623146,0.1183231174,2.837570166,0.4453097327,4.070706222,0.9072343537
Nigeria,NGA,AF,2000,0.1723360803,0.6366340845,0.1181906956,2.835578562,0.4447920332,4.09463363,0.9071748104
Nigeria,NGA,AF,2001,0.172583697,0.6367097179,0.1193095264,2.835318404,0.4446475524,4.093900338,0.9064621251
Nigeria,NGA,AF,2002,0.1731124412,0.6368677482,0.1211762274,2.83571007,0.4451488922,4.082073153,0.9052422816
Nigeria,NGA,AF,2003,0.173806416,0.6370956888,0.1235867075,2.836855398,0.4443850968,4.066114616,0.9040016973
Nigeria,NGA,AF,2004,0.1745430956,0.6373601886,0.1268828307,2.83877547,0.4445536998,4.054425516,0.9031780654
Nigeria,NGA,AF,2005,0.1752051715,0.6376455367,0.1299717746,2.841582135,0.4442906462,4.055038862,0.9032207355
Nigeria,NGA,AF,2006,0.1759158495,0.638032129,0.1334720658,2.848603386,0.4451169813,4.07563268,0.9088098447
Nigeria,NGA,AF,2007,0.1768029092,0.6386007805,0.1371632788,2.861185994,0.4461599644,4.11475691,0.9213523148
Nigeria,NGA,AF,2008,0.1777413938,0.6392850263,0.1415147438,2.875947373,0.4476899167,4.157497395,0.9364432761
Nigeria,NGA,AF,2009,0.1785939499,0.6399848361,0.145499473,2.889326453,0.4490396895,4.195954217,0.9496545196
Nigeria,NGA,AF,2010,0.1792132789,0.640569317,0.1485017748,2.897629544,0.4497606508,4.218086635,0.9564794129
Nigeria,NGA,AF,2011,0.1796684695,0.6410675793,0.1511490083,2.902001657,0.4509909221,4.218821094,0.9585685635
Nigeria,NGA,AF,2012,0.1801261492,0.6416062599,0.1537273227,2.906110075,0.4519583214,4.205603148,0.9604486264
Nigeria,NGA,AF,2013,0.1805747618,0.6421692206,0.1563378467,2.909709102,0.4527751928,4.175009828,0.9620507846
Nigeria,NGA,AF,2014,0.181008021,0.6427593134,0.1586766581,2.91263372,0.4550384334,4.131388233,0.9633541443
Nigeria,NGA,AF,2015,0.181420763,0.6433838646,0.160806633,2.914794176,0.4572757893,4.071250673,0.9642967693
Nigeria,NGA,AF,2016,0.1817946404,0.6440037957,0.1622953097,2.91586158,0.4591593873,4.001170175,0.9647792501
Nigeria,NGA,AF,2017,0.1821264486,0.6446351485,0.1633734519,2.915836965,0.4618023244,3.917691287,0.9647666783
Philippines,PHL,AS,1990,0.2116391347,0.5273607676,0.1104235955,3.222794348,0.6731441753,2.953031168,1.071745991
Philippines,PHL,AS,1991,0.2118471612,0.5274580515,0.1107255929,3.220716769,0.6725291042,2.941467502,1.064560721
Philippines,PHL,AS,1992,0.2120732241,0.5275105488,0.1109569788,3.218667079,0.6713539362,2.930071351,1.056192359
Philippines,PHL,AS,1993,0.212294901,0.5275318803,0.1113216082,3.216916995,0.6692707986,2.915945508,1.046837461
Philippines,PHL,AS,1994,0.212490602,0.5275262947,0.1114857829,3.215568409,0.6667933852,2.90055232,1.03671984
Philippines,PHL,AS,1995,0.2126373217,0.5274947874,0.1115320943,3.214664555,0.665047771,2.885948125,1.026092099
Philippines,PHL,AS,1996,0.2128981546,0.527364372,0.1122156042,3.214080653,0.6621033897,2.862835416,1.013751699
Philippines,PHL,AS,1997,0.2133672371,0.5271123442,0.112685727,3.213340326,0.6580465046,2.829756645,0.9991845579
Philippines,PHL,AS,1998,0.2139093263,0.5268400278,0.1129453273,3.212753649,0.6532194906,2.794866379,0.9834732137
Philippines,PHL,AS,1999,0.2143985861,0.5266606262,0.113781714,3.212658167,0.6485364667,2.764299946,0.96772718
Philippines,PHL,AS,2000,0.2146874862,0.526630792,0.1139936143,3.212918027,0.6434129152,2.744973984,0.9529734744
Philippines,PHL,AS,2001,0.2149562224,0.526981841,0.114741038,3.214969146,0.6377839871,2.732641198,0.9371509068
Philippines,PHL,AS,2002,0.2154196209,0.5277478282,0.1150614156,3.219250043,0.6312594347,2.722644838,0.919515106
Philippines,PHL,AS,2003,0.2159994848,0.5287601778,0.1157815006,3.224935312,0.6244157274,2.71639637,0.9030335922
Philippines,PHL,AS,2004,0.2165785113,0.5297547675,0.1165425851,3.230530178,0.6198365786,2.711980983,0.8905743847
Philippines,PHL,AS,2005,0.2169893686,0.5303492766,0.1170730154,3.233962502,0.6183535833,2.710131633,0.8848305931
Philippines,PHL,AS,2006,0.21731337,0.5306622611,0.1175378201,3.236495259,0.6197059701,2.711847352,0.8843227222
Philippines,PHL,AS,2007,0.2177226571,0.5310448523,0.1184666054,3.240171429,0.6215655938,2.714691334,0.8853591647
Philippines,PHL,AS,2008,0.2181671572,0.5314326882,0.1195990309,3.24420504,0.6234786054,2.718874181,0.8870980428
Philippines,PHL,AS,2009,0.2186064753,0.5317823925,0.1208139352,3.247785939,0.625623609,2.722347301,0.8887826138
Philippines,PHL,AS,2010,0.2189905084,0.5320293068,0.122004322,3.249933089,0.6282048185,2.724996306,0.8896327698
Philippines,PHL,AS,2011,0.2194096377,0.5322572007,0.1234040547,3.2513591,0.6311865624,2.728666949,0.8899005995
Philippines,PHL,AS,2012,0.2199581659,0.5325507454,0.1246497681,3.253039269,0.6326054979,2.732703894,0.8902861608
Philippines,PHL,AS,2013,0.2206322944,0.532930002,0.1264390182,3.255141453,0.6357042153,2.737508766,0.8907991653
Philippines,PHL,AS,2014,0.2214223462,0.5334018564,0.1282255681,3.25772117,0.6388732765,2.743462126,0.8914393071
Philippines,PHL,AS,2015,0.2223233713,0.533984755,0.1303191941,3.260931622,0.6419771839,2.749334902,0.8922219759
Philippines,PHL,AS,2016,0.223320946,0.5346726078,0.1323351312,3.264870067,0.6454702569,2.756013412,0.8931107795
Philippines,PHL,AS,2017,0.2244224024,0.5355127761,0.134855318,3.269720163,0.648897668,2.765176009,0.8941948517
Russia,RUS,AS,1990,0.1912576441,0.6689821751,0.2192684058,2.930320671,0.8686069119,3.777935621,4.865288201
Russia,RUS,AS,1991,0.191069813,0.6689708862,0.2170683366,2.932803511,0.8808761013,3.803939723,4.903786348
Russia,RUS,AS,1992,0.1908399141,0.6690027525,0.2147022372,2.934766559,0.8937213514,3.827052396,4.946846329
Russia,RUS,AS,1993,0.1905825638,0.6691374111,0.212158823,2.936804319,0.9068189848,3.848157805,4.989495051
Russia,RUS,AS,1994,0.1903145831,0.6693449018,0.2094796364,2.938530467,0.9197508798,3.865413472,5.029294677
Russia,RUS,AS,1995,0.1900497315,0.6695714955,0.2066642003,2.939452851,0.9324633224,3.878445109,5.065326769
Russia,RUS,AS,1996,0.1896020105,0.6698194257,0.2030009676,2.938742069,0.9477362731,3.887354437,5.122250349
Russia,RUS,AS,1997,0.1889065094,0.6701063488,0.1982122636,2.936580982,0.9661689459,3.892783344,5.208209925
Russia,RUS,AS,1998,0.1881619673,0.6704313729,0.1934935892,2.934248943,0.9843587879,3.895549711,5.297826889
Russia,RUS,AS,1999,0.1875758692,0.6707552786,0.189838806,2.932427459,0.9992374253,3.894336764,5.367186716
Russia,RUS,AS,2000,0.187355022,0.6710355029,0.1885174869,2.93200874,1.007843045,3.889153329,5.39288585
Russia,RUS,AS,2001,0.1874604319,0.6712575052,0.189185405,2.933424146,1.012370082,3.877014882,5.365826932
Russia,RUS,AS,2002,0.1877016134,0.6714804335,0.1906884032,2.936289349,1.016995252,3.858251002,5.305397705
Russia,RUS,AS,2003,0.1880456722,0.6717434877,0.1926187402,2.940103871,1.021007993,3.836638808,5.230733739
Russia,RUS,AS,2004,0.1884596864,0.6720219352,0.1949393794,2.94354295,1.02419051,3.814647037,5.162842107
Russia,RUS,AS,2005,0.1889155644,0.6723120453,0.1972666903,2.945586816,1.02655108,3.795195153,5.122567926
Russia,RUS,AS,2006,0.1898502228,0.6726164787,0.2003120345,2.946496403,1.028638198,3.774184636,5.141970907
Russia,RUS,AS,2007,0.1914389491,0.6729377179,0.2043501249,2.947265539,1.031413287,3.749429892,5.21533809
Russia,RUS,AS,2008,0.1932500002,0.673295055,0.2088987939,2.948429738,1.033766527,3.726029093,5.30380023
Russia,RUS,AS,2009,0.194851858,0.6736374592,0.2131496303,2.949554804,1.034855783,3.707287339,5.37166249
Russia,RUS,AS,2010,0.1958155593,0.6739321547,0.2165058665,2.950399674,1.034101969,3.696877498,5.383425207
Russia,RUS,AS,2011,0.1963077788,0.674184014,0.2191609903,2.950615241,1.029099732,3.692264241,5.347993801
Russia,RUS,AS,2012,0.1967762653,0.6744212228,0.2216450942,2.950063676,1.018925737,3.688496784,5.297207141
Russia,RUS,AS,2013,0.1972154409,0.6747164288,0.2241859853,2.949577773,1.003969755,3.687462595,5.226821398
Russia,RUS,AS,2014,0.1976118521,0.6750495434,0.2264997435,2.948964698,0.9844581481,3.688919275,5.135758255
Russia,RUS,AS,2015,0.1979552619,0.6754056993,0.2286431121,2.948064835,0.9612501646,3.692351351,5.023228919
Russia,RUS,AS,2016,0.198225198,0.6757537805,0.2306856039,2.946766755,0.9346930219,3.698973112,4.887594089
Russia,RUS,AS,2017,0.1984002379,0.6760625784,0.2323749314,2.945051049,0.9050380235,3.707924954,4.72718224
Senegal,SEN,AF,1990,0.1706265359,0.6431209228,0.1183038319,2.88890649,0.4508672331,3.335163203,0.8948503181
Senegal,SEN,AF,1991,0.1706524378,0.6432507678,0.1178367474,2.887856761,0.4567679561,3.34000581,0.8951834414
Senegal,SEN,AF,1992,0.170662354,0.6433663361,0.1174299722,2.887100698,0.4609917876,3.34492139,0.8955714491
Senegal,SEN,AF,1993,0.1706641496,0.6434790012,0.1164369935,2.886665331,0.4644770009,3.34594212,0.8960295261
Senegal,SEN,AF,1994,0.1706631856,0.6435917474,0.1161261044,2.886566831,0.4671077929,3.346444212,0.8965498227
Senegal,SEN,AF,1995,0.1706660565,0.6437106349,0.1161828071,2.886843853,0.4683009907,3.347022659,0.8971215557
Senegal,SEN,AF,1996,0.1706333283,0.643830429,0.116084277,2.887860657,0.4683258678,3.340271394,0.8979042017
Senegal,SEN,AF,1997,0.1705551268,0.643974507,0.115790767,2.889799424,0.4682359311,3.324083576,0.8989688152
Senegal,SEN,AF,1998,0.1704658125,0.6441259907,0.1157911045,2.892016755,0.4669139575,3.304520512,0.9001158132
Senegal,SEN,AF,1999,0.1703963453,0.6442577872,0.1154590388,2.893844245,0.4659468914,3.288247616,0.9010896859
Senegal,SEN,AF,2000,0.1703862984,0.6443720628,0.1155264499,2.894759289,0.4653807075,3.279668428,0.9016974047
Senegal,SEN,AF,2001,0.1704952707,0.6445389997,0.1156147732,2.89486018,0.4653347274,3.277780191,0.9018153189
Senegal,SEN,AF,2002,0.1707202948,0.6448249921,0.1160891255,2.894898265,0.46535953,3.277185962,0.901615113
Senegal,SEN,AF,2003,0.1709955888,0.6451735359,0.1171688719,2.89494062,0.4643691908,3.278086748,0.9013722442
Senegal,SEN,AF,2004,0.171243943,0.6454886388,0.1178014257,2.894894161,0.464596382,3.278212683,0.9012888313
Senegal,SEN,AF,2005,0.1713959798,0.6457045629,0.1185397203,2.894843363,0.4642360467,3.278445198,0.9015721204
Senegal,SEN,AF,2006,0.1714781023,0.6458125025,0.1187826579,2.89416282,0.4641767804,3.277609304,0.9036079171
Senegal,SEN,AF,2007,0.1715668072,0.6458825915,0.1193059307,2.892702418,0.4644611835,3.27663183,0.9076520996
Senegal,SEN,AF,2008,0.1716648298,0.6459509536,0.1197440951,2.891063059,0.4638351616,3.277006365,0.9123670055
Senegal,SEN,AF,2009,0.1717690673,0.646030814,0.1200008896,2.889773125,0.4637838291,3.27540814,0.9164013713
Senegal,SEN,AF,2010,0.1718772516,0.6461435983,0.1203753253,2.889391508,0.4641768366,3.276555897,0.9183703822
Senegal,SEN,AF,2011,0.1720133123,0.6463115938,0.1209833613,2.889812666,0.4652113147,3.281262693,0.9189270653
Senegal,SEN,AF,2012,0.1721903858,0.6465113301,0.1215727887,2.890465994,0.4662064434,3.288466683,0.9194969015
Senegal,SEN,AF,2013,0.1724100615,0.6467618779,0.1222224746,2.891472585,0.4671842566,3.298502168,0.9200538249
Senegal,SEN,AF,2014,0.1726635655,0.6470432184,0.1230626092,2.89278741,0.4699801417,3.314314114,0.9205343466
Senegal,SEN,AF,2015,0.1729509199,0.6473687767,0.1237283176,2.894515531,0.472349985,3.329604658,0.920909222
Senegal,SEN,AF,2016,0.1732688505,0.6477371682,0.1242871054,2.896669794,0.4743846683,3.349870219,0.9210999598
Senegal,SEN,AF,2017,0.1736161525,0.6481560963,0.1252901341,2.899331044,0.4786948435,3.370497208,0.9210687037
South Africa,ZAF,AF,1990,0.1776895963,0.6264588861,0.1980420214,3.95182513,1.212163858,3.75891343,1.658703338
South Africa,ZAF,AF,1991,0.1775543529,0.6267743293,0.1966318161,3.951784604,1.237086795,3.746342183,1.686587896
South Africa,ZAF,AF,1992,0.1774264036,0.6270760365,0.1954280203,3.953456606,1.258015809,3.734962098,1.70791937
South Africa,ZAF,AF,1993,0.1773120479,0.6273423561,0.1944068776,3.956294152,1.274053242,3.725611646,1.723058508
South Africa,ZAF,AF,1994,0.1772217174,0.6275629104,0.1937710983,3.95983734,1.285163002,3.717603349,1.732194566
South Africa,ZAF,AF,1995,0.1771607635,0.6277176241,0.1936141108,3.963650652,1.290557144,3.712990548,1.735339192
South Africa,ZAF,AF,1996,0.177070367,0.627843957,0.1935628522,3.975550107,1.287893845,3.70884233,1.725429104
South Africa,ZAF,AF,1997,0.1769273318,0.6279718977,0.1936274681,3.998296634,1.276959048,3.702840481,1.702053914
South Africa,ZAF,AF,1998,0.1767886977,0.6281281712,0.1938267938,4.024976869,1.262134893,3.696580177,1.672798076
South Africa,ZAF,AF,1999,0.1767097493,0.6283284632,0.1939542024,4.048522239,1.24525889,3.694010657,1.64502171
South Africa,ZAF,AF,2000,0.1767498189,0.6286010816,0.1946212409,4.061900078,1.230914778,3.695490763,1.626149569
South Africa,ZAF,AF,2001,0.1769791255,0.6290074667,0.1953596858,4.06835925,1.211869042,3.705861428,1.61270869
South Africa,ZAF,AF,2002,0.1773771997,0.629547522,0.1967905583,4.074921052,1.183383076,3.72465795,1.598236707
South Africa,ZAF,AF,2003,0.1778600144,0.6301723399,0.1987863844,4.080826852,1.150835598,3.744976727,1.584706798
South Africa,ZAF,AF,2004,0.1783389402,0.6308170538,0.2006805861,4.085162792,1.120919944,3.76094423,1.574012168
South Africa,ZAF,AF,2005,0.1787237887,0.6314135717,0.2022118788,4.087006857,1.099254734,3.767503957,1.568058458
South Africa,ZAF,AF,2006,0.1790966099,0.6320760492,0.2039546658,4.077848281,1.086034692,3.76069618,1.576554437
South Africa,ZAF,AF,2007,0.179561938,0.6329090319,0.2058820874,4.0555803,1.074658358,3.74469559,1.600888047
South Africa,ZAF,AF,2008,0.1800491366,0.6337934231,0.2080098596,4.028786476,1.063910855,3.725575473,1.630654269
South Africa,ZAF,AF,2009,0.1804776108,0.6345741446,0.2098296037,4.005829832,1.053356206,3.708588743,1.655148418
South Africa,ZAF,AF,2010,0.1807697822,0.6351027931,0.2107952602,3.99512451,1.042054258,3.699950401,1.663578901
South Africa,ZAF,AF,2011,0.1809650384,0.6354297679,0.211381564,3.993370326,1.028783176,3.699571265,1.658580625
South Africa,ZAF,AF,2012,0.1811578807,0.6357263864,0.2121193295,3.99188977,1.014193683,3.700293991,1.649823218
South Africa,ZAF,AF,2013,0.1813463645,0.6359931637,0.2127493136,3.99082683,0.9975682223,3.703193287,1.63736395
South Africa,ZAF,AF,2014,0.1815242548,0.6362206513,0.213669596,3.990246707,0.980083994,3.708790224,1.621200611
South Africa,ZAF,AF,2015,0.1816864543,0.6364050385,0.2140939807,3.990261602,0.9614056597,3.717595237,1.601342455
South Africa,ZAF,AF,2016,0.1818249749,0.6365327061,0.2144100737,3.991028961,0.9418422007,3.7297633,1.577801387
South Africa,ZAF,AF,2017,0.1819372954,0.6366128424,0.2147180503,3.992829963,0.9214990234,3.745870851,1.550514149
Spain,ESP,EU,1990,0.2795396531,0.955624548,0.5743800883,5.071231429,1.164409505,3.858486201,0.8219847105
Spain,ESP,EU,1991,0.2799537382,0.9569140557,0.5823752292,5.077641981,1.16127089,3.789710868,0.8202758533
Spain,ESP,EU,1992,0.2803306501,0.9581166443,0.5903143384,5.083707676,1.163508137,3.724553882,0.8191732651
Spain,ESP,EU,1993,0.2806625715,0.959197325,0.5979233131,5.089085385,1.16754072,3.669752131,0.8187407761
Spain,ESP,EU,1994,0.2809451429,0.9601068666,0.6045256009,5.093438318,1.174701683,3.631978786,0.8188972251
Spain,ESP,EU,1995,0.2811774235,0.96085399,0.6110231267,5.096871845,1.182115016,3.613516893,0.8196152868
Spain,ESP,EU,1996,0.281255403,0.9610716323,0.6166104078,5.088122368,1.198150436,3.596280065,0.8216550027
Spain,ESP,EU,1997,0.281135372,0.9606272905,0.622585963,5.062914817,1.230010466,3.563348944,0.8250717286
Spain,ESP,EU,1998,0.2809196551,0.959808394,0.6286570347,5.031103552,1.26993588,3.525653798,0.8290217308
Spain,ESP,EU,1999,0.280698467,0.9588767559,0.635241731,5.002221027,1.308583276,3.489747311,0.8325204027
Spain,ESP,EU,2000,0.2805965076,0.9582270106,0.6410940361,4.986628266,1.338420414,3.467220164,0.8347296792
Spain,ESP,EU,2001,0.2805766198,0.9600689573,0.6463476373,4.988012366,1.360570917,3.448445956,0.8356808698
Spain,ESP,EU,2002,0.2805453615,0.9650890833,0.6516919758,5.001947371,1.384033056,3.422317704,0.8362205108
Spain,ESP,EU,2003,0.2805149573,0.9712297726,0.6577593869,5.024460012,1.40290006,3.395532115,0.8366308093
Spain,ESP,EU,2004,0.2804806301,0.9763207839,0.6642980214,5.050649728,1.418556195,3.373110087,0.837302538
Spain,ESP,EU,2005,0.2804518537,0.9782282067,0.6705207291,5.076250591,1.42801437,3.358963377,0.8387287806
Spain,ESP,EU,2006,0.2803879689,0.9777902687,0.6793901946,5.111355677,1.428885007,3.362960776,0.846887618
Spain,ESP,EU,2007,0.2802717331,0.9773313424,0.6908798407,5.161164915,1.422732076,3.386967716,0.8635357036
Spain,ESP,EU,2008,0.2801443244,0.976918944,0.7026875238,5.212749854,1.414857579,3.416201479,0.8826356805
Spain,ESP,EU,2009,0.2800466297,0.9766587736,0.7128817327,5.253632592,1.40840613,3.441261696,0.8981743081
Spain,ESP,EU,2010,0.2800100108,0.9765774118,0.7195419952,5.271058859,1.408640103,3.454534437,0.9042029185
Spain,ESP,EU,2011,0.2800466961,0.9766120875,0.7237876914,5.272377747,1.412485431,3.460589669,0.9033733725
Spain,ESP,EU,2012,0.2801393413,0.9766488838,0.7264584417,5.274071104,1.417658597,3.47057474,0.9022128159
Spain,ESP,EU,2013,0.2802966884,0.9767050624,0.7293126386,5.275747581,1.426119531,3.48088208,0.9005446037
Spain,ESP,EU,2014,0.2805122514,0.9767316476,0.7321960809,5.277068987,1.435110226,3.491549703,0.8982793362
Spain,ESP,EU,2015,0.2808005315,0.9767925412,0.7333794215,5.278340958,1.446569338,3.506859465,0.8951171143
Spain,ESP,EU,2016,0.2811392744,0.9768307389,0.7333541362,5.279232353,1.456722709,3.522660875,0.8907937464
Spain,ESP,EU,2017,0.281538914,0.9769173255,0.7306261886,5.280278593,1.468867753,3.538359291,0.8850033633
Turkey,TUR,AF,1990,0.2129065457,0.827826026,0.2134663977,3.742554404,1.268099453,3.788092281,0.7530071979
Turkey,TUR,AF,1991,0.2130810615,0.8284151062,0.2138528131,3.718367352,1.272131689,3.792859579,0.7499786025
Turkey,TUR,AF,1992,0.2132817776,0.8290581177,0.2148361494,3.699349449,1.27689929,3.796956566,0.7470991939
Turkey,TUR,AF,1993,0.2134968722,0.8297387265,0.2164149623,3.686105814,1.281966592,3.79867968,0.7444928799
Turkey,TUR,AF,1994,0.2137180404,0.8304156802,0.2180060301,3.678646183,1.288638969,3.802672139,0.7424157197
Turkey,TUR,AF,1995,0.2139307315,0.8310666835,0.2194732617,3.677488535,1.294413014,3.804783057,0.740999338
Turkey,TUR,AF,1996,0.2142130142,0.8318514258,0.2241273179,3.685218997,1.302535388,3.810492817,0.7401461003
Turkey,TUR,AF,1997,0.2146049358,0.8328292014,0.2304430165,3.701413558,1.3138868,3.819963715,0.7392299666
Turkey,TUR,AF,1998,0.2150489359,0.8339338804,0.2385175987,3.722522222,1.32554956,3.830476287,0.7382366662
Turkey,TUR,AF,1999,0.2154709323,0.8349962956,0.2456263854,3.744282671,1.335148634,3.843739683,0.7371014945
Turkey,TUR,AF,2000,0.2158032497,0.835916876,0.2500379348,3.762951286,1.340213123,3.852893749,0.7357905584
Turkey,TUR,AF,2001,0.2161062904,0.8368108488,0.2519771518,3.787111332,1.338430245,3.862662535,0.7346858792
Turkey,TUR,AF,2002,0.2164808089,0.8378833112,0.2541062467,3.82246864,1.328658273,3.87259132,0.7341924881
Turkey,TUR,AF,2003,0.2168846655,0.8390612135,0.2559016743,3.860471645,1.31786735,3.882399266,0.7344520591
Turkey,TUR,AF,2004,0.2172662895,0.840180347,0.2574102466,3.891860543,1.31028055,3.886960952,0.7356168302
Turkey,TUR,AF,2005,0.2175826414,0.8411747878,0.2592742263,3.908029816,1.306032715,3.883744562,0.7378528854
Turkey,TUR,AF,2006,0.217859223,0.8421770308,0.2617652191,3.91058276,1.320697706,3.870490519,0.7427414937
Turkey,TUR,AF,2007,0.2181590432,0.8433361216,0.265130885,3.908688615,1.356062095,3.846446201,0.7504854413
Turkey,TUR,AF,2008,0.2184712143,0.8445211809,0.2697794963,3.904670216,1.399381679,3.816131995,0.7591039481
Turkey,TUR,AF,2009,0.2187735633,0.8455493693,0.2738426047,3.900841813,1.439691756,3.78939056,0.7665501862
Turkey,TUR,AF,2010,0.2190567312,0.8463520498,0.2779470139,3.900486727,1.465360455,3.770030332,0.7707051721
Turkey,TUR,AF,2011,0.2193292311,0.846957597,0.2817499175,3.902846376,1.478950443,3.760553732,0.7723631563
Turkey,TUR,AF,2012,0.2196237177,0.847523758,0.2856015018,3.90531911,1.491981722,3.750356179,0.7738402317
Turkey,TUR,AF,2013,0.2199268598,0.8479795776,0.289922048,3.907396561,1.503782113,3.74234937,0.7751182882
Turkey,TUR,AF,2014,0.220247641,0.8483425866,0.2943950204,3.909084732,1.514933738,3.734200114,0.7762353861
Turkey,TUR,AF,2015,0.2205784989,0.8486006078,0.2989531495,3.910515324,1.523937204,3.725807442,0.7771400668
Turkey,TUR,AF,2016,0.2209137286,0.8487449102,0.3041623478,3.911945805,1.531681588,3.721384876,0.7777579599
Turkey,TUR,AF,2017,0.2212524162,0.8487702802,0.3089411909,3.913400441,1.535723369,3.718657828,0.7780786129
United Arab Emirates,ARE,AS,1990,0.2049191058,0.7980553507,0.2975251299,4.265334491,1.947120856,3.057251304,0.7595603433
United Arab Emirates,ARE,AS,1991,0.2051075732,0.7987781696,0.2941185879,4.266962757,2.00041892,3.062559033,0.7635790232
United Arab Emirates,ARE,AS,1992,0.2053398785,0.7994997378,0.2913656067,4.268014745,2.053520565,3.065181442,0.7670102727
United Arab Emirates,ARE,AS,1993,0.2056059023,0.8001808435,0.2889004484,4.267438335,2.114155948,3.064991263,0.7698879962
United Arab Emirates,ARE,AS,1994,0.2058824281,0.8007726183,0.2877291744,4.265525161,2.174999764,3.063985803,0.7721315241
United Arab Emirates,ARE,AS,1995,0.206155195,0.8012827078,0.286818681,4.263727115,2.238767118,3.062632551,0.7736152971
United Arab Emirates,ARE,AS,1996,0.2065096716,0.8017657415,0.2867527414,4.2628527,2.309379721,3.058047957,0.773935918
United Arab Emirates,ARE,AS,1997,0.2070078997,0.8023679307,0.2865877314,4.262506109,2.390573057,3.050694019,0.7731558375
United Arab Emirates,ARE,AS,1998,0.2075654821,0.8029656519,0.286853894,4.2618246,2.471150484,3.037637097,0.7717893905
United Arab Emirates,ARE,AS,1999,0.208109703,0.8035035691,0.2872172427,4.261192312,2.540837391,3.026213064,0.7702766891
United Arab Emirates,ARE,AS,2000,0.2085702267,0.8039808811,0.2875308431,4.261773153,2.587572817,3.016993862,0.7689463379
United Arab Emirates,ARE,AS,2001,0.2090594814,0.8044864983,0.2880895571,4.264158363,2.613926228,3.008509631,0.7674776023
United Arab Emirates,ARE,AS,2002,0.2096897092,0.8051490858,0.2890732264,4.268195295,2.632781588,3.000685126,0.7655969858
United Arab Emirates,ARE,AS,2003,0.2103534757,0.8058325282,0.2898307555,4.272578337,2.652166884,2.991237758,0.7636438242
United Arab Emirates,ARE,AS,2004,0.2109453716,0.8064357497,0.2908311558,4.276650184,2.671170769,2.981862573,0.7618078887
United Arab Emirates,ARE,AS,2005,0.2113525491,0.806885187,0.2909435721,4.280132617,2.68798684,2.969513107,0.7601626704
United Arab Emirates,ARE,AS,2006,0.2116744296,0.8072903325,0.2899901916,4.284135848,2.722000639,2.954304892,0.7582603975
United Arab Emirates,ARE,AS,2007,0.212187516,0.805299787,0.2811798996,4.258106503,2.823917832,2.925634625,0.7615828237
United Arab Emirates,ARE,AS,2008,0.2126830578,0.8033023521,0.271680142,4.230700095,2.935355947,2.896171353,0.7651926364
United Arab Emirates,ARE,AS,2009,0.2130880105,0.8011149314,0.2622735585,4.200289873,3.041112495,2.869359591,0.7694903609
United Arab Emirates,ARE,AS,2010,0.2131380562,0.8014695168,0.2601286467,4.200125654,3.059997591,2.860907373,0.7687818456
United Arab Emirates,ARE,AS,2011,0.2130371515,0.8019927581,0.2595898199,4.20265236,3.055161455,2.857146616,0.7679498833
United Arab Emirates,ARE,AS,2012,0.2128669326,0.8024799215,0.2590641332,4.206182382,3.046003185,2.853733316,0.7668928653
United Arab Emirates,ARE,AS,2013,0.2126242071,0.8030548852,0.2593505757,4.212595969,3.035244984,2.852340877,0.7653876137
United Arab Emirates,ARE,AS,2014,0.2122874065,0.803767401,0.2593527248,4.222584807,3.014051428,2.854571763,0.7632823586
United Arab Emirates,ARE,AS,2015,0.2118545402,0.8046458063,0.259418455,4.235686278,2.985104671,2.859825078,0.7607460662
United Arab Emirates,ARE,AS,2016,0.2113355685,0.8055965367,0.2604968527,4.250193009,2.951502744,2.868621069,0.7581893548
United Arab Emirates,ARE,AS,2017,0.2107177342,0.8064130818,0.2622066457,4.263912049,2.915549141,2.877426127,0.7559083234
United Kingdom,GBR,EU,1990,0.2492513867,1.085659957,0.4498565145,4.569682857,1.469056192,4.264896872,1.411710528
United Kingdom,GBR,EU,1991,0.2493861059,1.086214707,0.4527546258,4.578462984,1.498284983,4.255941542,1.438430625
United Kingdom,GBR,EU,1992,0.2495382998,1.086837772,0.4562665953,4.586816405,1.526338217,4.248149342,1.46342354
United Kingdom,GBR,EU,1993,0.2496941583,1.087485306,0.4600307668,4.594152841,1.551575718,4.241935585,1.486109923
United Kingdom,GBR,EU,1994,0.2498456618,1.088124266,0.4641760934,4.599920047,1.573220795,4.237368772,1.506030968
United Kingdom,GBR,EU,1995,0.2499840494,1.088725029,0.4684402034,4.603623389,1.590050386,4.234784826,1.522711417
United Kingdom,GBR,EU,1996,0.2501238938,1.089320626,0.4736837652,4.608514344,1.606621115,4.235221122,1.537237038
United Kingdom,GBR,EU,1997,0.2503183269,1.090115239,0.4804399525,4.617368153,1.626838616,4.238197692,1.551690096
United Kingdom,GBR,EU,1998,0.2505322422,1.090971086,0.4876647977,4.627133464,1.647800205,4.241218042,1.566620952
United Kingdom,GBR,EU,1999,0.2507313672,1.091746045,0.4944591722,4.634766517,1.665981819,4.242819669,1.582649735
United Kingdom,GBR,EU,2000,0.2508766983,1.092287489,0.4994841713,4.637154414,1.678271255,4.24051612,1.60030118
United Kingdom,GBR,EU,2001,0.2510842471,1.091455365,0.5038135157,4.635677417,1.689620187,4.222041832,1.621380914
United Kingdom,GBR,EU,2002,0.2514658539,1.089123368,0.5083672275,4.634839962,1.705167819,4.185712149,1.646296016
United Kingdom,GBR,EU,2003,0.2519125063,1.086322945,0.5128726283,4.634631134,1.721647904,4.143341821,1.673510422
United Kingdom,GBR,EU,2004,0.2523089617,1.084083349,0.5169963785,4.6350121,1.735740225,4.106059917,1.7013012
United Kingdom,GBR,EU,2005,0.2525260155,1.083397578,0.5202550569,4.635823393,1.743980321,4.085992973,1.727773001
United Kingdom,GBR,EU,2006,0.2524984376,1.083777218,0.5238952677,4.639651908,1.749487797,4.085044193,1.761617083
United Kingdom,GBR,EU,2007,0.2523626587,1.084237287,0.528683634,4.648012096,1.756063038,4.094587582,1.806324297
United Kingdom,GBR,EU,2008,0.2522301065,1.084667193,0.5334905463,4.657663467,1.761565933,4.108738637,1.852339401
United Kingdom,GBR,EU,2009,0.2522116136,1.08499181,0.5375195861,4.665485901,1.763232171,4.121571905,1.889700918
United Kingdom,GBR,EU,2010,0.2524168731,1.085132474,0.5397199576,4.668295421,1.758120233,4.126806923,1.908482179
United Kingdom,GBR,EU,2011,0.2529318591,1.085113415,0.5405216592,4.666825684,1.748544571,4.126230252,1.913856383
United Kingdom,GBR,EU,2012,0.2537940172,1.085201902,0.5415009597,4.664756929,1.738031524,4.126115668,1.91739393
United Kingdom,GBR,EU,2013,0.2549934953,1.085364993,0.5422150244,4.662205657,1.72607753,4.125824721,1.918905356
United Kingdom,GBR,EU,2014,0.2565230394,1.085616424,0.542871405,4.659356184,1.713006562,4.125316359,1.918017593
United Kingdom,GBR,EU,2015,0.2583697594,1.085949858,0.5432742297,4.656278732,1.698364446,4.124435125,1.914363101
United Kingdom,GBR,EU,2016,0.2605188747,1.086359554,0.5433516776,4.653106794,1.682096967,4.122484948,1.90752424
United Kingdom,GBR,EU,2017,0.2629523416,1.086837599,0.5430536141,4.649860931,1.664000096,4.119523991,1.897051612
United States,USA,NA,1990,0.3408971308,0.6537063545,0.4686756974,6.576883988,2.367793522,4.67759131,2.173751133
United States,USA,NA,1991,0.3389129328,0.6539528682,0.4735746233,6.553351368,2.345465988,4.660870739,2.139291702
United States,USA,NA,1992,0.3373432455,0.6542054339,0.4786101733,6.536143032,2.339515052,4.651949386,2.107931201
United States,USA,NA,1993,0.336206733,0.6544305187,0.4835385764,6.525536397,2.347095294,4.648701407,2.080669307
United States,USA,NA,1994,0.3355360032,0.654620048,0.4882347019,6.522278489,2.36573755,4.649294233,2.058631905
United States,USA,NA,1995,0.3353631453,0.6547205689,0.4923679766,6.526489312,2.392581838,4.650868623,2.042930604
United States,USA,NA,1996,0.3358055473,0.6547492833,0.4967515923,6.578023285,2.456048185,4.662901506,2.033986652
United States,USA,NA,1997,0.3367965568,0.654719599,0.5015600663,6.688846661,2.564591431,4.689153544,2.030589598
United States,USA,NA,1998,0.3380854445,0.6546579649,0.5064833688,6.818472667,2.688823335,4.720715563,2.031176223
United States,USA,NA,1999,0.3394103339,0.6545642799,0.511072002,6.926350764,2.800595492,4.749991251,2.03417509
United States,USA,NA,2000,0.3405120272,0.6544426578,0.514863257,6.971562829,2.86942572,4.766991632,2.038026388
United States,USA,NA,2001,0.3411858213,0.6543713547,0.5183063708,6.971995299,2.905604878,4.774030778,2.043577066
United States,USA,NA,2002,0.3414834784,0.6543490436,0.5221704192,6.971890835,2.936108679,4.778244357,2.051479575
United States,USA,NA,2003,0.3415353196,0.6543431927,0.5261299016,6.970935067,2.962640094,4.781680022,2.059814591
United States,USA,NA,2004,0.3414724021,0.6543132369,0.5293315622,6.968875258,2.983414343,4.785231508,2.066706174
United States,USA,NA,2005,0.3414274257,0.6542276747,0.5311573397,6.96524863,2.998771196,4.791257683,2.070251195
United States,USA,NA,2006,0.3410308089,0.6540800489,0.5321775128,6.937037922,3.000826062,4.793212723,2.063497502
United States,USA,NA,2007,0.3400685056,0.6538955036,0.5330672827,6.87545381,2.989140728,4.786622713,2.045623758
United States,USA,NA,2008,0.3389014823,0.6536909308,0.5337676698,6.801899183,2.974336154,4.776402144,2.023935415
United States,USA,NA,2009,0.337887388,0.6534679692,0.5341754013,6.737789932,2.966807694,4.765950113,2.005749225
United States,USA,NA,2010,0.3373903791,0.6532472747,0.5340763143,6.704455413,2.97714383,4.761550716,1.998437354
United States,USA,NA,2011,0.3371899916,0.6530081072,0.5331986398,6.693384372,3.007048526,4.762322295,1.999569266
United States,USA,NA,2012,0.3368523854,0.652747752,0.531513878,6.682107018,3.052340438,4.765480791,2.001950838
United States,USA,NA,2013,0.3364038586,0.6524791071,0.5289457136,6.671047418,3.110711879,4.772422125,2.005814271
United States,USA,NA,2014,0.3358598256,0.6521948341,0.5259903652,6.660472661,3.18111518,4.782221847,2.011345064
United States,USA,NA,2015,0.3352425344,0.6518895382,0.5221089345,6.650662043,3.262673888,4.795953919,2.018738311
United States,USA,NA,2016,0.3345784892,0.6515692781,0.5177282868,6.642099153,3.35314161,4.813114212,2.028262857
United States,USA,NA,2017,0.3338899424,0.6512355015,0.5128443294,6.635055035,3.45247568,4.835610409,2.040086893
Uruguay,URY,SA,1990,0.1968585198,0.7693109101,0.3226044284,6.22962469,0.8488903326,3.298193584,1.026205602
Uruguay,URY,SA,1991,0.1963475772,0.769779366,0.3249280933,6.233047186,0.8506293906,3.293987362,1.015846647
Uruguay,URY,SA,1992,0.195932643,0.7702762809,0.3268991039,6.236466269,0.8526997498,3.294899487,1.006628643
Uruguay,URY,SA,1993,0.1956236199,0.7707216141,0.3300780441,6.239389054,0.8542600591,3.296073879,0.9995366035
Uruguay,URY,SA,1994,0.1954403296,0.7711013672,0.3319569965,6.241580396,0.8558789942,3.300925584,0.9956804514
Uruguay,URY,SA,1995,0.1954040483,0.7714139476,0.3341113844,6.242980649,0.8594008369,3.307213192,0.9960689189
Uruguay,URY,SA,1996,0.1955469073,0.7717011289,0.3367480856,6.242641528,0.8629522851,3.320422297,0.9993934215
Uruguay,URY,SA,1997,0.1958201667,0.7720415179,0.3403366543,6.24108804,0.8704167458,3.341016103,1.003141467
Uruguay,URY,SA,1998,0.1961408121,0.7723820389,0.343425403,6.239222087,0.8802334323,3.366075215,1.006921152
Uruguay,URY,SA,1999,0.1964187286,0.7727002297,0.3462860633,6.238340799,0.8871261373,3.389669161,1.010229434
Uruguay,URY,SA,2000,0.1965516691,0.7729256656,0.3473655509,6.238696514,0.8927821481,3.408121287,1.012617979
Uruguay,URY,SA,2001,0.1965133821,0.7732883737,0.3470039713,6.241596897,0.8982658667,3.422749907,1.014302993
Uruguay,URY,SA,2002,0.1963881434,0.7740546792,0.3459186644,6.248151499,0.9028586359,3.436706073,1.015669975
Uruguay,URY,SA,2003,0.1962281218,0.7749319227,0.3450062019,6.255762565,0.9083086495,3.450324334,1.016940388
Uruguay,URY,SA,2004,0.1960973682,0.7757045239,0.3440042823,6.262632077,0.9137538469,3.463540643,1.01834021
Uruguay,URY,SA,2005,0.1960608155,0.7761723074,0.3441925415,6.266881402,0.918662974,3.475188981,1.020212106
Uruguay,URY,SA,2006,0.1961680111,0.7764405108,0.3454355301,6.269675039,0.9256665512,3.484572034,1.032685137
Uruguay,URY,SA,2007,0.1964034564,0.7769082317,0.3487313509,6.274476054,0.9343280891,3.494910986,1.059835568
Uruguay,URY,SA,2008,0.1966876392,0.7774361348,0.3534803982,6.279515677,0.9420121149,3.505361058,1.092823518
Uruguay,URY,SA,2009,0.1969676316,0.7780047639,0.3591197295,6.284727407,0.9477334234,3.514906264,1.122794055
Uruguay,URY,SA,2010,0.1971601432,0.7784416179,0.3637579804,6.288983185,0.9507913784,3.522625776,1.140925902
Uruguay,URY,SA,2011,0.1973116103,0.7787961765,0.3685512492,6.292557837,0.9502165394,3.531081358,1.14993178
Uruguay,URY,SA,2012,0.1975107035,0.7792055335,0.3743442567,6.296650615,0.9481920861,3.54272419,1.158649722
Uruguay,URY,SA,2013,0.1977528851,0.779671287,0.379651333,6.300965627,0.9460456027,3.555893642,1.167107518
Uruguay,URY,SA,2014,0.1980238893,0.7801745221,0.3859837392,6.305186269,0.9422634617,3.570160394,1.175063636
Uruguay,URY,SA,2015,0.1983232368,0.7806991655,0.3924879877,6.309359834,0.935037475,3.585182998,1.182337704
Uruguay,URY,SA,2016,0.198641431,0.7812597057,0.3985462898,6.313554663,0.9276018391,3.600302571,1.188668773
Uruguay,URY,SA,2017,0.1989654279,0.7818172057,0.4055015349,6.317737652,0.9185331089,3.617573732,1.193834927
World,OWID_WRL,WLD,1990,0.2535032942,0.5857428351,0.1778646384,3.774653013,0.9008500266,3.541655522,1.438494015
World,OWID_WRL,WLD,1991,0.2535419469,0.5859896039,0.1780343951,3.772759864,0.9009516094,3.545952744,1.444018791
World,OWID_WRL,WLD,1992,0.2535801295,0.586308828,0.178218072,3.771017701,0.9017874007,3.549090489,1.44959271
World,OWID_WRL,WLD,1993,0.2536431375,0.5866370252,0.1784187798,3.769860309,0.9030452085,3.550657305,1.454154605
World,OWID_WRL,WLD,1994,0.2537000251,0.5869296839,0.1786881199,3.769128295,0.9043455006,3.550851804,1.457587166
World,OWID_WRL,WLD,1995,0.2537064363,0.587205647,0.1789827194,3.768600334,0.9053517315,3.548757178,1.459593714
World,OWID_WRL,WLD,1996,0.2536858904,0.5874396964,0.1794846161,3.774324606,0.9078551227,3.545770896,1.464267214
World,OWID_WRL,WLD,1997,0.2536798111,0.5876372159,0.1801336287,3.788650174,0.9121407483,3.542639156,1.473627104
World,OWID_WRL,WLD,1998,0.2536940345,0.5877520868,0.1809109968,3.805901864,0.9168166223,3.539294565,1.484032023
World,OWID_WRL,WLD,1999,0.2537138772,0.5877914529,0.1818287589,3.820741597,0.9200071312,3.536604452,1.492133521
World,OWID_WRL,WLD,2000,0.2537142253,0.5878284177,0.1826647232,3.827817716,0.9200090163,3.533868547,1.494452442
World,OWID_WRL,WLD,2001,0.2537268304,0.587876827,0.1836321866,3.826978072,0.9178951127,3.532534456,1.490312861
World,OWID_WRL,WLD,2002,0.2537819383,0.5879903646,0.1848873788,3.822781753,0.9156722986,3.532171703,1.482697328
World,OWID_WRL,WLD,2003,0.2538637779,0.5882181825,0.1862647548,3.817055176,0.9135501881,3.53222074,1.473948569
World,OWID_WRL,WLD,2004,0.253943435,0.588534321,0.1877411364,3.811634867,0.9114739955,3.532197376,1.466238011
World,OWID_WRL,WLD,2005,0.2539596853,0.5888726496,0.1891260818,3.808009098,0.9096664093,3.530433742,1.461433816
World,OWID_WRL,WLD,2006,0.2540331904,0.5893222509,0.1907015656,3.80549166,0.908197851,3.520342942,1.458861206
World,OWID_WRL,WLD,2007,0.2542387331,0.5899870431,0.1926431466,3.80253916,0.9079760047,3.499569311,1.455840811
World,OWID_WRL,WLD,2008,0.2544863365,0.5907697928,0.194800492,3.799580513,0.9086795712,3.475209995,1.452282708
World,OWID_WRL,WLD,2009,0.2546955119,0.5916217389,0.1969156378,3.796920525,0.9106551036,3.454304409,1.448085274
World,OWID_WRL,WLD,2010,0.2547970451,0.5923308625,0.1987312238,3.794096509,0.9118911999,3.444113796,1.443475603
World,OWID_WRL,WLD,2011,0.254793523,0.5930103645,0.2003794138,3.791092926,0.9138499434,3.442547651,1.438439357
World,OWID_WRL,WLD,2012,0.2547570283,0.5937567953,0.202116076,3.787528072,0.9168607108,3.441271394,1.432944225
World,OWID_WRL,WLD,2013,0.2546873731,0.5945524693,0.203976709,3.783535118,0.9205951416,3.440182307,1.426956555
World,OWID_WRL,WLD,2014,0.2545942306,0.5953856494,0.2058326521,3.779191265,0.9249488115,3.439697573,1.420392877
World,OWID_WRL,WLD,2015,0.2544592334,0.5962222789,0.2076721061,3.774284812,0.9298915431,3.43923783,1.413051472
World,OWID_WRL,WLD,2016,0.2542824135,0.5971398059,0.209524807,3.769697997,0.9355027361,3.439674509,1.405175823
World,OWID_WRL,WLD,2017,0.2540551513,0.5980825165,0.2113042867,3.764810528,0.9416275465,3.44108734,1.396496517
