Entity,Code,Continent Code,Year,20-24 years old (%),10-14 years old (%),All ages (%),70+ years old (%),30-34 years old (%),15-19 years old (%),25-29 years old (%),50-69 years old (%),Age-standardized (%),15-49 years old (%)
Argentina,ARG,SA,1990,4.770328653,1.749973449,3.506330656,4.508121035,4.365331186,4.031707097,4.514123136,4.772851784,3.569179857,4.501508396
Argentina,ARG,SA,1991,4.799720049,1.763866823,3.523245846,4.510200307,4.370201051,4.0571648,4.520121663,4.775260811,3.579067521,4.514937415
Argentina,ARG,SA,1992,4.831516415,1.776185265,3.539756348,4.513685858,4.368288994,4.08655611,4.537514175,4.777141504,3.588854632,4.528571197
Argentina,ARG,SA,1993,4.863525854,1.787641837,3.556388797,4.514129378,4.360194575,4.121602468,4.55033726,4.776109433,3.597365719,4.541223587
Argentina,ARG,SA,1994,4.913273482,1.80029144,3.574500285,4.512689625,4.361168723,4.146785973,4.562837714,4.777461818,3.606913186,4.554553472
Argentina,ARG,SA,1995,4.935035173,1.81119748,3.592569699,4.513666468,4.363682667,4.173363964,4.582231332,4.776486814,3.615923964,4.567667909
Argentina,ARG,SA,1996,4.973957291,1.822024443,3.613383689,4.506351456,4.378172152,4.205543707,4.595092694,4.776485064,3.626560304,4.585058048
Argentina,ARG,SA,1997,5.016838579,1.830383081,3.632951746,4.487469767,4.387979504,4.231694934,4.614835698,4.772297358,3.636296096,4.60291172
Argentina,ARG,SA,1998,5.049873674,1.840609692,3.649147182,4.465983787,4.389760087,4.257782448,4.635684165,4.763857234,3.643305809,4.617325538
Argentina,ARG,SA,1999,5.087692816,1.852912936,3.665150319,4.440423769,4.397637883,4.286349278,4.654858311,4.754025435,3.652057396,4.635011309
Argentina,ARG,SA,2000,5.112428118,1.860177883,3.676827419,4.415688416,4.399784877,4.316987238,4.667802733,4.747939677,3.657304606,4.645712862
Argentina,ARG,SA,2001,5.135720491,1.864094775,3.68589455,4.391976611,4.40063388,4.333494729,4.672339399,4.734468679,3.658839104,4.651713824
Argentina,ARG,SA,2002,5.158605085,1.870477148,3.693625019,4.372132147,4.395934252,4.364428565,4.682059072,4.709860345,3.65897137,4.657693702
Argentina,ARG,SA,2003,5.184051314,1.874490439,3.699543061,4.343039212,4.393008616,4.391635923,4.693302257,4.682942766,3.658181304,4.664315795
Argentina,ARG,SA,2004,5.197040499,1.87954518,3.705571846,4.317619904,4.39582168,4.41316628,4.706149083,4.662933292,3.657001679,4.667106211
Argentina,ARG,SA,2005,5.221393483,1.886301779,3.71305581,4.296015809,4.391599629,4.425334605,4.711769567,4.644329227,3.655549395,4.669473652
Argentina,ARG,SA,2006,5.227485684,1.892288964,3.722732826,4.281090745,4.393840051,4.439388805,4.710264701,4.630383237,3.653175208,4.668451334
Argentina,ARG,SA,2007,5.240633035,1.89921473,3.734533665,4.265284239,4.387567447,4.461613323,4.718492641,4.614738852,3.651585534,4.669587471
Argentina,ARG,SA,2008,5.251879437,1.904025862,3.745119769,4.252262976,4.384156758,4.479014474,4.718585765,4.603824398,3.649862314,4.668911343
Argentina,ARG,SA,2009,5.270247701,1.91144903,3.753793122,4.238017069,4.38028017,4.488477343,4.713865251,4.591602285,3.647560385,4.667452184
Argentina,ARG,SA,2010,5.272947484,1.911639746,3.76378749,4.231525839,4.386948758,4.489173222,4.72696669,4.58517899,3.647930393,4.669581229
Argentina,ARG,SA,2011,5.279543277,1.911781564,3.772107844,4.227487361,4.383927992,4.495606609,4.72597589,4.578377045,3.64749915,4.67004775
Argentina,ARG,SA,2012,5.27668207,1.913813336,3.782009511,4.221060977,4.388573858,4.496375803,4.729465082,4.57847054,3.648385273,4.670526954
Argentina,ARG,SA,2013,5.281143159,1.916214531,3.793375012,4.220203821,4.395516898,4.498076283,4.735307527,4.574427585,3.651043597,4.674655538
Argentina,ARG,SA,2014,5.2963067,1.920656368,3.803617096,4.21314916,4.40618739,4.501050937,4.737737686,4.570890148,3.654178219,4.679962424
Argentina,ARG,SA,2015,5.303862454,1.921799852,3.812563305,4.212078666,4.416719607,4.502439687,4.745367087,4.572582916,3.657683138,4.684396915
Argentina,ARG,SA,2016,5.307258041,1.927835508,3.82040795,4.208599542,4.428679825,4.495652496,4.760808234,4.568656657,3.661311853,4.689850633
Argentina,ARG,SA,2017,5.303680804,1.931189916,3.829076974,4.20315685,4.442123409,4.494013108,4.771058482,4.568592882,3.665488272,4.695596318
Australia,AUS,AUS,1990,6.887634234,2.324560697,4.860523473,4.292694524,6.021202053,5.417275376,6.3857262,5.237377408,4.621186588,6.059946313
Australia,AUS,AUS,1991,6.970106353,2.340433763,4.91339185,4.309844695,6.071569661,5.484133465,6.450124722,5.273631066,4.671932879,6.122557224
Australia,AUS,AUS,1992,7.029410452,2.359304422,4.958442474,4.321666967,6.120825144,5.538637572,6.505394155,5.300453115,4.715412262,6.174462525
Australia,AUS,AUS,1993,7.089476363,2.382967353,4.997909051,4.333698484,6.16423271,5.581052076,6.549971954,5.324595127,4.754453766,6.21909854
Australia,AUS,AUS,1994,7.129570199,2.396370407,5.026350129,4.334721338,6.200122488,5.616768519,6.583883746,5.340638809,4.783948341,6.25587947
Australia,AUS,AUS,1995,7.144966603,2.412704118,5.045466563,4.331135187,6.236027126,5.638978598,6.613584806,5.348910468,4.804053117,6.283403095
Australia,AUS,AUS,1996,7.114101905,2.422013059,5.051902839,4.321234358,6.262997663,5.631878558,6.622032736,5.348875119,4.810793573,6.294589849
Australia,AUS,AUS,1997,7.052208676,2.435704988,5.051752127,4.290511983,6.296152572,5.61012172,6.620487553,5.341551591,4.810776131,6.302418155
Australia,AUS,AUS,1998,6.97094216,2.435613178,5.044014194,4.264610262,6.316211767,5.57255301,6.596017654,5.327592417,4.801317069,6.297248285
Australia,AUS,AUS,1999,6.900965767,2.444160643,5.041421364,4.237270374,6.338084218,5.53861646,6.577343008,5.321823866,4.796896412,6.29653942
Australia,AUS,AUS,2000,6.870378916,2.456731088,5.049464119,4.22915689,6.365902871,5.553652281,6.575941964,5.318168142,4.80322412,6.308821275
Australia,AUS,AUS,2001,6.896029614,2.485461627,5.070642861,4.228464785,6.391171128,5.595237459,6.598484498,5.318567466,4.823556565,6.340441296
Australia,AUS,AUS,2002,6.947535705,2.522647163,5.101839871,4.238101999,6.42240914,5.666584357,6.628218851,5.324262382,4.854391887,6.384942921
Australia,AUS,AUS,2003,7.026613987,2.570135378,5.140072588,4.255493383,6.454922006,5.762215853,6.674097779,5.329574158,4.892316839,6.439809217
Australia,AUS,AUS,2004,7.089759201,2.604591512,5.169926042,4.266226289,6.471847433,5.832159452,6.700217117,5.331199425,4.920485778,6.481967486
Australia,AUS,AUS,2005,7.10620365,2.617677107,5.18210898,4.275870678,6.477917652,5.855264314,6.709735659,5.328668218,4.929038256,6.493634935
Australia,AUS,AUS,2006,7.093437894,2.617714772,5.179957109,4.278894092,6.465393123,5.85354591,6.689783465,5.321815528,4.923528161,6.486472353
Australia,AUS,AUS,2007,7.052173774,2.611379241,5.165402564,4.281699559,6.428755751,5.818321733,6.647052914,5.308862707,4.906827297,6.461449654
Australia,AUS,AUS,2008,6.992846527,2.61012809,5.141569221,4.279903007,6.378834077,5.777266448,6.587847116,5.285448853,4.882333647,6.426644433
Australia,AUS,AUS,2009,6.941707826,2.599020072,5.117896556,4.283577998,6.328924102,5.730751426,6.547679629,5.266097023,4.857927125,6.391922981
Australia,AUS,AUS,2010,6.900357302,2.592334924,5.094784056,4.282677153,6.276284127,5.699928054,6.502840067,5.244832076,4.834220383,6.358328324
Australia,AUS,AUS,2011,6.873787355,2.590056254,5.073268717,4.27524069,6.245329868,5.675027732,6.463571287,5.220185097,4.81362237,6.333263372
Australia,AUS,AUS,2012,6.847817293,2.587959741,5.046955263,4.262435542,6.202251593,5.658236331,6.434920234,5.189481215,4.790079667,6.304719674
Australia,AUS,AUS,2013,6.816427988,2.588998278,5.012789268,4.2438116,6.155320796,5.645324887,6.394021065,5.153378767,4.75968633,6.265796402
Australia,AUS,AUS,2014,6.797146947,2.587945278,4.980206453,4.217223299,6.117467407,5.639669905,6.365794432,5.11793683,4.731141977,6.23175096
Australia,AUS,AUS,2015,6.777566581,2.586959578,4.942195084,4.188803428,6.070066545,5.635574945,6.324702557,5.074805078,4.696774006,6.189015078
Australia,AUS,AUS,2016,6.760755966,2.590960595,4.900472561,4.152371784,6.022564569,5.623328536,6.284377742,5.023998023,4.659817333,6.144384948
Australia,AUS,AUS,2017,6.741007041,2.588447895,4.858635758,4.119125266,5.973641644,5.627678592,6.260986387,4.977379221,4.623880986,6.101289644
Brazil,BRA,SA,1990,4.083769464,1.340129182,3.134869972,5.791762477,4.184340648,3.171123594,4.1301823,5.767717563,3.534531592,4.108935358
Brazil,BRA,SA,1991,4.062580207,1.320759942,3.150802653,5.851361906,4.167666031,3.144145902,4.110454876,5.765227853,3.529751086,4.091593731
Brazil,BRA,SA,1992,4.049403221,1.310042788,3.174466972,5.907306072,4.157999891,3.12856705,4.099389666,5.769931555,3.531068103,4.082997463
Brazil,BRA,SA,1993,4.046058854,1.304399619,3.203793169,5.958233555,4.156431201,3.120430451,4.093045381,5.783110866,3.537037284,4.081613824
Brazil,BRA,SA,1994,4.045435066,1.302836606,3.236353262,5.999351119,4.157270476,3.11952213,4.092748737,5.797441736,3.544955695,4.085102155
Brazil,BRA,SA,1995,4.052341067,1.303814605,3.27075945,6.033768873,4.161710635,3.120621994,4.092058992,5.815118364,3.553949338,4.091475028
Brazil,BRA,SA,1996,4.131235581,1.316133769,3.355972864,6.062148613,4.235183301,3.173103137,4.162612645,5.916574548,3.613852954,4.170123275
Brazil,BRA,SA,1997,4.313185902,1.34773698,3.514339623,6.097712559,4.404372783,3.30079691,4.333217111,6.123074989,3.746093207,4.350971399
Brazil,BRA,SA,1998,4.531197978,1.389333369,3.699212511,6.133238514,4.606246391,3.459165697,4.535784128,6.359283671,3.90235214,4.568277913
Brazil,BRA,SA,1999,4.71176996,1.433766504,3.862677923,6.158078047,4.773119171,3.601670808,4.705927705,6.555488854,4.034842123,4.754643082
Brazil,BRA,SA,2000,4.788732329,1.474757955,3.957295597,6.166964495,4.848717378,3.681671303,4.781242303,6.640273981,4.097776146,4.846832767
Brazil,BRA,SA,2001,4.782075416,1.518626694,3.997278307,6.160900929,4.849774614,3.713116932,4.779821608,6.640443966,4.106734568,4.860838128
Brazil,BRA,SA,2002,4.770958392,1.570169516,4.032049846,6.140830114,4.844092412,3.741005612,4.770412926,6.626705061,4.110734349,4.868982174
Brazil,BRA,SA,2003,4.749619721,1.619878954,4.060398605,6.115985142,4.834337164,3.76218187,4.754149759,6.60654142,4.109455893,4.86857137
Brazil,BRA,SA,2004,4.723038196,1.659263279,4.082324053,6.086984173,4.817883177,3.775858535,4.731110583,6.57806856,4.102728873,4.861813955
Brazil,BRA,SA,2005,4.692586894,1.680043257,4.097903107,6.057875756,4.797936322,3.781778218,4.704648306,6.548794171,4.090663864,4.8488165
Brazil,BRA,SA,2006,4.594386201,1.68431597,4.059975671,6.007090309,4.708957242,3.731475854,4.611581767,6.447376105,4.027395017,4.763870065
Brazil,BRA,SA,2007,4.402374267,1.681349891,3.949517546,5.923030149,4.522468535,3.612098342,4.426531758,6.243055798,3.89557776,4.581624531
Brazil,BRA,SA,2008,4.16978147,1.679827934,3.807693569,5.822013614,4.297012433,3.466777641,4.203945537,5.99711275,3.735730072,4.358557593
Brazil,BRA,SA,2009,3.953621419,1.676440816,3.676930615,5.728901945,4.089074309,3.334805627,4.000235362,5.771364256,3.588453596,4.152845783
Brazil,BRA,SA,2010,3.81377521,1.683562673,3.603513051,5.659968994,3.960247285,3.261267597,3.871723643,5.628043622,3.497158735,4.025767634
Brazil,BRA,SA,2011,3.733973139,1.702313538,3.57522031,5.611433666,3.891395248,3.228738687,3.800599677,5.550102824,3.449546991,3.95905114
Brazil,BRA,SA,2012,3.659914288,1.739267772,3.552253476,5.564577742,3.827861684,3.201626374,3.734502781,5.479203842,3.40806811,3.898402561
Brazil,BRA,SA,2013,3.591705174,1.791161464,3.533862033,5.518961744,3.771752382,3.177230148,3.673884106,5.415519862,3.37192561,3.842843348
Brazil,BRA,SA,2014,3.532015601,1.856122072,3.521376012,5.474472295,3.724262481,3.155833627,3.623929726,5.357351682,3.342010969,3.795581605
Brazil,BRA,SA,2015,3.482443841,1.932698837,3.516298164,5.431437099,3.685459584,3.138544479,3.580432231,5.309270206,3.319423051,3.757433355
Brazil,BRA,SA,2016,3.443172259,2.019219835,3.519106563,5.396434695,3.655402691,3.124918511,3.548356278,5.270045779,3.304642844,3.729306025
Brazil,BRA,SA,2017,3.417464521,2.113088497,3.529672798,5.362571547,3.63381828,3.112885068,3.527343563,5.240785805,3.29736759,3.711861175
Canada,CAN,NA,1990,5.671372857,1.941578586,4.394825947,3.652354009,5.582609898,4.756773411,5.596363448,4.681636949,4.08951474,5.561712365
Canada,CAN,NA,1991,5.698412557,1.972521946,4.400877997,3.638375624,5.5638953,4.802014385,5.58336047,4.674800485,4.097314354,5.571905739
Canada,CAN,NA,1992,5.706239575,1.998326765,4.407019751,3.628792633,5.550471731,4.849737827,5.577787348,4.669774559,4.10566137,5.583181635
Canada,CAN,NA,1993,5.712779181,2.019432409,4.411141564,3.615331749,5.54419625,4.887804757,5.567887173,4.670385647,4.111714569,5.59072311
Canada,CAN,NA,1994,5.72142299,2.036978383,4.416776804,3.603611656,5.529104459,4.917029463,5.569508821,4.669480638,4.117475676,5.599782285
Canada,CAN,NA,1995,5.734542141,2.044970441,4.422232908,3.597331946,5.519449959,4.935646707,5.557132503,4.669833171,4.120523931,5.606414998
Canada,CAN,NA,1996,5.741167045,2.05104847,4.429909362,3.586841876,5.510574765,4.945083087,5.551719985,4.67595357,4.124001685,5.614171621
Canada,CAN,NA,1997,5.753439692,2.052717269,4.439479954,3.576595251,5.501309305,4.953697441,5.545460317,4.688214486,4.128427231,5.624923075
Canada,CAN,NA,1998,5.756935867,2.056477894,4.449580921,3.565528579,5.493552987,4.967779916,5.537519517,4.697622486,4.131973093,5.634941068
Canada,CAN,NA,1999,5.759972456,2.06211156,4.460249049,3.564481054,5.4817021,4.971485777,5.522952511,4.70505373,4.134097763,5.640759827
Canada,CAN,NA,2000,5.750358014,2.063754457,4.466501746,3.546936325,5.465720904,4.972342588,5.509015995,4.711856921,4.131314183,5.640176821
Canada,CAN,NA,2001,5.736127616,2.060114214,4.458402809,3.508066499,5.435935822,4.958809,5.47982489,4.701773211,4.116601871,5.623970954
Canada,CAN,NA,2002,5.684895443,2.047420878,4.431217752,3.454979662,5.383757788,4.932930982,5.422733307,4.666560046,4.085413809,5.587722134
Canada,CAN,NA,2003,5.626657506,2.037604756,4.393991041,3.388928037,5.31938741,4.894374395,5.363043808,4.626978804,4.04682458,5.538256996
Canada,CAN,NA,2004,5.568684776,2.026157434,4.360489305,3.332370743,5.266336299,4.8683947,5.309478723,4.585114356,4.011866886,5.494831721
Canada,CAN,NA,2005,5.537324714,2.022895,4.338382756,3.301497335,5.237805672,4.847643836,5.278105381,4.552634524,3.987778062,5.462544805
Canada,CAN,NA,2006,5.526330952,2.020854773,4.322256418,3.294238323,5.219148126,4.821067098,5.264869921,4.522786998,3.970254888,5.438578887
Canada,CAN,NA,2007,5.511725323,2.014957659,4.298384453,3.288760972,5.203374114,4.815721594,5.249447651,4.48489024,3.949366182,5.409646602
Canada,CAN,NA,2008,5.503234689,2.015994924,4.275543315,3.283318443,5.195479219,4.818849633,5.235619839,4.448974057,3.932311474,5.386984688
Canada,CAN,NA,2009,5.487136975,2.014065291,4.255333656,3.281970996,5.187711988,4.80673546,5.23087053,4.423053544,3.918091121,5.367163471
Canada,CAN,NA,2010,5.490624373,2.009621018,4.24376575,3.284860144,5.181204052,4.800956667,5.22575497,4.40893877,3.911884849,5.358326451
Canada,CAN,NA,2011,5.494488225,2.011561019,4.240378287,3.284294157,5.182569041,4.804628157,5.228552893,4.405572983,3.913974078,5.36167833
Canada,CAN,NA,2012,5.50716208,2.017430819,4.238263065,3.286464863,5.189971549,4.80998766,5.236088816,4.400419301,3.919380699,5.36886715
Canada,CAN,NA,2013,5.523908639,2.019134509,4.236077497,3.29271491,5.201641279,4.821299272,5.248785064,4.396479998,3.926503378,5.378496608
Canada,CAN,NA,2014,5.55148927,2.019005323,4.23512897,3.298484784,5.21311775,4.842518609,5.265135672,4.39579713,3.936199209,5.391616532
Canada,CAN,NA,2015,5.580798273,2.024241652,4.237376735,3.30706452,5.233497598,4.855044939,5.290294086,4.397197054,3.949641711,5.408690006
Canada,CAN,NA,2016,5.625335072,2.028626263,4.243266062,3.314744215,5.24286798,4.880342904,5.327694057,4.397691636,3.9674909,5.433379419
Canada,CAN,NA,2017,5.673106519,2.033660435,4.253596041,3.324190957,5.271697547,4.907514682,5.357407318,4.408722401,3.988792073,5.460966358
China,CHN,AS,1990,3.474320167,0.9313195498,3.35485662,7.7082255,3.78303984,2.483349878,3.593659718,6.709447942,3.573965701,3.726733023
China,CHN,AS,1991,3.406438186,0.9260811395,3.371067124,7.80274545,3.724410531,2.447879534,3.539711615,6.794451224,3.572288321,3.700744225
China,CHN,AS,1992,3.337853869,0.9208453488,3.388540557,7.88850032,3.674785768,2.413872989,3.484274282,6.867152759,3.56873004,3.676669869
China,CHN,AS,1993,3.272315901,0.9166254791,3.405562014,7.957670963,3.629348285,2.379329225,3.425722212,6.923417613,3.56211296,3.65289506
China,CHN,AS,1994,3.206900686,0.9133515486,3.423180704,8.004015229,3.587004089,2.342910955,3.367979349,6.966016516,3.55186863,3.632750202
China,CHN,AS,1995,3.145487134,0.9099086528,3.438299399,8.020196418,3.548399903,2.3085443,3.3086675,6.987035899,3.537546745,3.610505375
China,CHN,AS,1996,3.074504019,0.9060288574,3.451577836,8.027434199,3.504363961,2.272190162,3.243008508,6.979985796,3.517615218,3.582282178
China,CHN,AS,1997,2.993424893,0.9027234901,3.464136565,8.042552511,3.452818549,2.231428525,3.169597038,6.957863937,3.494326144,3.547287167
China,CHN,AS,1998,2.911067463,0.8998536686,3.477653469,8.057776969,3.39663869,2.191785679,3.096021428,6.932417582,3.46964719,3.512322556
China,CHN,AS,1999,2.833307591,0.8966917622,3.497446282,8.068446049,3.34416265,2.156046821,3.031540484,6.894085333,3.446913,3.473544571
China,CHN,AS,2000,2.771250959,0.8967641443,3.523135369,8.061530814,3.303557982,2.129044067,2.98547228,6.875693208,3.429119342,3.446035546
China,CHN,AS,2001,2.723058237,0.898859671,3.556443242,8.041834754,3.272287183,2.109417841,2.948570079,6.860179002,3.416192569,3.418838072
China,CHN,AS,2002,2.678570891,0.9050328115,3.594007769,8.014905191,3.24342316,2.096361165,2.915067067,6.84488045,3.405827577,3.390995733
China,CHN,AS,2003,2.638568437,0.9105034814,3.632622384,7.990584168,3.21751348,2.086481723,2.884306696,6.822442145,3.39733092,3.36483878
China,CHN,AS,2004,2.604035027,0.9155986787,3.673439423,7.975866939,3.197064014,2.077978327,2.856162527,6.8100925,3.390572632,3.342929181
China,CHN,AS,2005,2.576276129,0.9168651512,3.712165036,7.965307012,3.179422647,2.068579253,2.83381673,6.798938926,3.383843648,3.326940691
China,CHN,AS,2006,2.556447224,0.9156702248,3.75797882,7.994380256,3.163421391,2.056721173,2.81596499,6.826246098,3.383220223,3.320550813
China,CHN,AS,2007,2.540860402,0.911365835,3.813667815,8.068192655,3.14731749,2.046487132,2.800065711,6.892330098,3.390857619,3.325139487
China,CHN,AS,2008,2.52828702,0.9062039072,3.873186847,8.157616851,3.131244872,2.036407396,2.788702879,6.97772274,3.40142306,3.33808575
China,CHN,AS,2009,2.518751114,0.9021134785,3.931163389,8.228664274,3.114934648,2.02602999,2.777087304,7.065179336,3.408947239,3.354156825
China,CHN,AS,2010,2.509922672,0.8985209521,3.978760289,8.255799355,3.099613065,2.016868777,2.768125665,7.111944153,3.408793135,3.370350597
China,CHN,AS,2011,2.501207063,0.895405049,4.018945623,8.243643887,3.088884714,2.008444524,2.759764826,7.130031226,3.402177511,3.382960966
China,CHN,AS,2012,2.494491517,0.8917035484,4.055786686,8.215488434,3.079771859,2.000213042,2.752592601,7.128770453,3.393032178,3.391454168
China,CHN,AS,2013,2.489196526,0.8874278988,4.08808065,8.168481447,3.072272138,1.991885934,2.750002887,7.110952302,3.381549648,3.394204501
China,CHN,AS,2014,2.484967203,0.8823759125,4.115085031,8.104896133,3.066328387,1.983519344,2.750008642,7.082355678,3.367461632,3.392782547
China,CHN,AS,2015,2.482842062,0.8780774806,4.137603827,8.024167426,3.064132206,1.977145482,2.751561441,7.039538026,3.351278679,3.388023989
China,CHN,AS,2016,2.483868903,0.872551929,4.151734,7.927263007,3.062227754,1.971652686,2.754706631,6.98690421,3.332592201,3.380081727
China,CHN,AS,2017,2.485858412,0.8685185438,4.155454835,7.810173971,3.062948114,1.966919636,2.75787897,6.924339566,3.311305897,3.371518325
France,FRA,EU,1990,5.270235241,1.971182666,5.031402949,6.378116543,5.873777704,3.999700635,5.569355327,6.092857098,4.600998022,5.658907539
France,FRA,EU,1991,5.250120352,1.963252863,4.986935188,6.106599953,5.868289364,3.981814385,5.566222981,5.965446851,4.564180122,5.65372137
France,FRA,EU,1992,5.23237766,1.964318752,4.948242857,5.859876904,5.853400951,3.96102736,5.548652244,5.854196231,4.531907242,5.649175602
France,FRA,EU,1993,5.218053495,1.962977118,4.917882557,5.654969688,5.84487334,3.946460499,5.542412108,5.75683242,4.505929498,5.649883177
France,FRA,EU,1994,5.209116837,1.963031559,4.899295643,5.50616953,5.83740211,3.938531909,5.534273607,5.689606949,4.488329625,5.650859055
France,FRA,EU,1995,5.200682551,1.968299386,4.895776614,5.427464545,5.832638939,3.936886236,5.516119968,5.661989852,4.480828659,5.652692377
France,FRA,EU,1996,5.190703522,1.968339167,4.892813772,5.388128234,5.808094586,3.934202305,5.497717751,5.649168339,4.472545199,5.643922396
France,FRA,EU,1997,5.17122282,1.977190933,4.882502673,5.348733318,5.764778001,3.935289514,5.456451307,5.622435823,4.458007629,5.626096049
France,FRA,EU,1998,5.147287256,1.982357512,4.866282191,5.306058866,5.718227165,3.926268603,5.405260681,5.59489506,4.438569505,5.60065335
France,FRA,EU,1999,5.126282328,1.987752251,4.854936888,5.268715576,5.678607452,3.925325017,5.374047521,5.573681272,4.424647011,5.583428977
France,FRA,EU,2000,5.115079639,1.991071638,4.847067183,5.227062217,5.647864089,3.926010299,5.340042287,5.566881376,4.414769922,5.5716258
France,FRA,EU,2001,5.074217737,1.989421812,4.825045802,5.156122172,5.616447056,3.90736375,5.299727088,5.537393514,4.393212562,5.552047957
France,FRA,EU,2002,4.998752194,1.985836213,4.78085908,5.057916867,5.566960248,3.865055938,5.235762462,5.474573796,4.352313061,5.511472468
France,FRA,EU,2003,4.903170377,1.974394435,4.726836136,4.945107918,5.50317186,3.813872989,5.158922752,5.400817852,4.30294433,5.461600729
France,FRA,EU,2004,4.799699203,1.964583509,4.678098029,4.85777106,5.447378639,3.763635602,5.077759803,5.339397753,4.256865314,5.411963429
France,FRA,EU,2005,4.734969297,1.957884085,4.648780884,4.815745193,5.388847355,3.727319111,5.006630922,5.311721965,4.227000179,5.374601837
France,FRA,EU,2006,4.68310934,1.953088353,4.66420959,4.903657445,5.338930029,3.705058353,4.94694895,5.363129046,4.227962153,5.359786997
France,FRA,EU,2007,4.655996361,1.943969389,4.726378724,5.120202001,5.307599852,3.685404993,4.907174658,5.492474629,4.260417257,5.372286098
France,FRA,EU,2008,4.639734193,1.936472719,4.806528547,5.381336139,5.277756789,3.672056482,4.866473335,5.648010898,4.305071495,5.395539719
France,FRA,EU,2009,4.609157584,1.935235776,4.871508367,5.600355582,5.263110621,3.662872005,4.838844527,5.773083812,4.339658932,5.41184423
France,FRA,EU,2010,4.601855256,1.930561777,4.899396773,5.691929526,5.254432668,3.657654329,4.827472392,5.827797093,4.352982795,5.419671248
France,FRA,EU,2011,4.590238954,1.930688964,4.897491898,5.695858686,5.246828291,3.655306033,4.82695424,5.830640279,4.347922498,5.414540979
France,FRA,EU,2012,4.590264489,1.929956073,4.891674773,5.692765685,5.245894142,3.652934009,4.817896356,5.82421263,4.340423485,5.407439279
France,FRA,EU,2013,4.582259018,1.932799811,4.882443993,5.689670598,5.239754348,3.655580364,4.81374518,5.812934342,4.329669516,5.394489576
France,FRA,EU,2014,4.577460971,1.936499653,4.869077578,5.671589133,5.242052028,3.659025659,4.809330358,5.789033713,4.316752885,5.382021726
France,FRA,EU,2015,4.57406368,1.936876065,4.850100398,5.645908817,5.233332636,3.656937669,4.818498663,5.756452853,4.299325812,5.363456997
France,FRA,EU,2016,4.579364544,1.947107358,4.824151055,5.600663988,5.233474611,3.658444217,4.820598292,5.705379015,4.278158527,5.343099938
France,FRA,EU,2017,4.578578419,1.954488278,4.792854116,5.541097175,5.242439573,3.671605886,4.822064388,5.639586768,4.253807263,5.3227498
Germany,DEU,EU,1990,4.401974873,1.735119703,4.517591722,5.760936385,5.002543977,3.448479402,4.731462937,5.297920102,3.947039796,4.814135527
Germany,DEU,EU,1991,4.419880705,1.736746945,4.508692465,5.730776928,5.008023653,3.46082887,4.742965992,5.265946318,3.93816236,4.828254128
Germany,DEU,EU,1992,4.440644593,1.735993846,4.502175375,5.705191638,5.004935641,3.470963626,4.750468744,5.238038704,3.930588302,4.840706715
Germany,DEU,EU,1993,4.45728129,1.745317926,4.491836408,5.676323021,5.008875063,3.484317988,4.75839639,5.202757617,3.920866079,4.845647797
Germany,DEU,EU,1994,4.465676581,1.744336186,4.481748284,5.642401797,4.99763381,3.487972307,4.762367788,5.174053318,3.909668571,4.845269915
Germany,DEU,EU,1995,4.474922277,1.745894618,4.472499867,5.596825626,4.989323324,3.498660714,4.768254399,5.142090324,3.899397055,4.845337633
Germany,DEU,EU,1996,4.474294908,1.759699411,4.455132925,5.538351199,4.958177101,3.505777324,4.743743898,5.104088678,3.882934256,4.828918691
Germany,DEU,EU,1997,4.445145533,1.796127487,4.424954271,5.457381441,4.900738763,3.508941349,4.698140703,5.05433035,3.857158801,4.792340835
Germany,DEU,EU,1998,4.409321259,1.830778962,4.391494311,5.376310856,4.833467877,3.499286997,4.639562124,5.004810714,3.827478706,4.748039156
Germany,DEU,EU,1999,4.376763479,1.856774721,4.368610684,5.309820641,4.776410136,3.492139267,4.589558512,4.968991497,3.80489943,4.714365064
Germany,DEU,EU,2000,4.365083672,1.880325343,4.364453091,5.263807077,4.75120456,3.492509971,4.568320651,4.955511525,3.796649651,4.702204664
Germany,DEU,EU,2001,4.395751332,1.880587489,4.385929219,5.244615402,4.759866603,3.511389598,4.58400235,4.967649228,3.810194275,4.725076803
Germany,DEU,EU,2002,4.453507234,1.881594494,4.431131951,5.230917224,4.808064691,3.546868823,4.628426314,5.014623345,3.844408242,4.775150386
Germany,DEU,EU,2003,4.513297989,1.882543715,4.480994396,5.224355441,4.859256112,3.582011606,4.675548291,5.05733238,3.882225923,4.832093287
Germany,DEU,EU,2004,4.558881965,1.890531073,4.526336821,5.212718167,4.903927929,3.620101679,4.719682676,5.098862371,3.916444459,4.882044336
Germany,DEU,EU,2005,4.58908024,1.890493895,4.551168124,5.200024732,4.921581151,3.629686513,4.747292308,5.117947937,3.931692957,4.902152999
Germany,DEU,EU,2006,4.582537541,1.89631886,4.559235678,5.181644133,4.923622304,3.623430712,4.744079464,5.117083073,3.932748808,4.901509497
Germany,DEU,EU,2007,4.56906253,1.903378243,4.562234822,5.165947081,4.91071471,3.618779386,4.732446412,5.106901885,3.931453525,4.894135765
Germany,DEU,EU,2008,4.559684701,1.912783814,4.562415645,5.148621741,4.89315755,3.60557334,4.717217225,5.09807303,3.929604038,4.883429207
Germany,DEU,EU,2009,4.53550927,1.918163596,4.562413502,5.133736314,4.878044712,3.591165119,4.697301971,5.092998251,3.927844351,4.87506564
Germany,DEU,EU,2010,4.532670022,1.916810416,4.564459762,5.126601258,4.878142699,3.579007122,4.692398501,5.091335458,3.927667977,4.873879447
Germany,DEU,EU,2011,4.529971272,1.910425118,4.567490848,5.122217134,4.878634328,3.570021422,4.694159481,5.09699792,3.928060339,4.874421865
Germany,DEU,EU,2012,4.537154239,1.896846632,4.573363004,5.126715592,4.88242946,3.576861115,4.695385667,5.106389745,3.930374681,4.875579599
Germany,DEU,EU,2013,4.54662749,1.885154665,4.581954277,5.13696741,4.884829375,3.580349299,4.696700993,5.123824421,3.934020697,4.877700539
Germany,DEU,EU,2014,4.551906148,1.872919339,4.593354006,5.150268947,4.893699607,3.579106926,4.704714439,5.146375934,3.940118703,4.883856475
Germany,DEU,EU,2015,4.549814594,1.856883526,4.605270522,5.168913728,4.896539429,3.586764703,4.709135257,5.173143124,3.946206351,4.890681095
Germany,DEU,EU,2016,4.55253514,1.839646513,4.609847597,5.192815263,4.90255316,3.57528547,4.706522619,5.198730372,3.949597943,4.891872015
Germany,DEU,EU,2017,4.559446114,1.816213822,4.631085676,5.226342619,4.914330839,3.603987983,4.716388736,5.237694984,3.959866092,4.90752519
India,IND,AS,1990,3.919812346,0.8648060791,3.064257238,7.669391626,4.357249668,2.585164147,4.116050389,6.860056551,3.758695157,4.162664456
India,IND,AS,1991,3.983187917,0.8605814659,3.11469027,7.735437665,4.439208514,2.601843032,4.192865548,6.925271078,3.804294069,4.229269489
India,IND,AS,1992,4.031972569,0.85674526,3.159648711,7.797781894,4.508411918,2.613408071,4.256295395,6.991305545,3.844710574,4.285196722
India,IND,AS,1993,4.064648676,0.8521903523,3.198253707,7.854058543,4.563445496,2.619031653,4.301784208,7.054131275,3.877967777,4.328235014
India,IND,AS,1994,4.083885581,0.8488717048,3.230324862,7.90183795,4.599117251,2.621140738,4.331396945,7.109708328,3.9030625,4.358142214
India,IND,AS,1995,4.087143372,0.846329442,3.25353298,7.937713617,4.617816746,2.617253861,4.338763768,7.154296039,3.917892862,4.372506802
India,IND,AS,1996,4.063352162,0.8439287279,3.26881872,7.970685812,4.612436763,2.604570889,4.322323357,7.195998873,3.922939532,4.368475532
India,IND,AS,1997,4.012555739,0.8423077002,3.279079666,8.010854203,4.591240165,2.579361924,4.284654319,7.2396628,3.922614255,4.347399054
India,IND,AS,1998,3.95244144,0.8405169663,3.286287665,8.055362307,4.564413525,2.551005449,4.239609777,7.284537105,3.920097691,4.31973746
India,IND,AS,1999,3.893985447,0.8389241174,3.294028667,8.1032408,4.540034101,2.522053541,4.198387108,7.32851653,3.918081579,4.293116806
India,IND,AS,2000,3.858212458,0.8370806072,3.308100135,8.15227747,4.526307277,2.500745826,4.174358062,7.36934625,3.920528306,4.27842007
India,IND,AS,2001,3.842483075,0.8339845954,3.332849696,8.227120957,4.525355394,2.486588127,4.167702811,7.415589687,3.932222784,4.273761758
India,IND,AS,2002,3.834323762,0.8310305402,3.366352974,8.33276624,4.532579383,2.476223001,4.166684818,7.480106818,3.952140367,4.27936865
India,IND,AS,2003,3.826942961,0.8265815193,3.402573999,8.442480617,4.541992512,2.466534651,4.169330404,7.544642713,3.972797333,4.288565733
India,IND,AS,2004,3.815938751,0.8232986954,3.437090729,8.535342331,4.545252746,2.456360774,4.16799442,7.591889275,3.987670281,4.294552872
India,IND,AS,2005,3.797558664,0.8215884892,3.464470179,8.582643225,4.540096583,2.446819401,4.159031073,7.604435971,3.990432344,4.292572429
India,IND,AS,2006,3.736348528,0.8253657351,3.447485579,8.517358866,4.463066032,2.430132043,4.089530769,7.504528388,3.939382011,4.233969819
India,IND,AS,2007,3.622954815,0.8340221998,3.37595377,8.334369814,4.299278525,2.406853819,3.94481738,7.272524988,3.826047059,4.107519782
India,IND,AS,2008,3.494764188,0.8452135986,3.284496823,8.108609288,4.103505132,2.380555466,3.777079317,6.995481584,3.69186859,3.958538397
India,IND,AS,2009,3.390033694,0.8544870305,3.209313443,7.915767745,3.938390148,2.359095829,3.632650393,6.757685194,3.577714837,3.83263563
India,IND,AS,2010,3.340151804,0.858127361,3.187837346,7.827616718,3.864258983,2.347522377,3.566543732,6.647417841,3.525899714,3.776612435
India,IND,AS,2011,3.334029834,0.8603581002,3.206543257,7.818912538,3.854955239,2.345342021,3.556308654,6.635330624,3.520174362,3.772710406
India,IND,AS,2012,3.328445602,0.8623620609,3.224995305,7.810005644,3.846334278,2.343517485,3.548424884,6.626808338,3.515980072,3.770740465
India,IND,AS,2013,3.325618466,0.8635832432,3.244772488,7.801440589,3.842428471,2.342431163,3.544532662,6.621369346,3.513399807,3.769701545
India,IND,AS,2014,3.326086182,0.8659920249,3.269480761,7.794919671,3.840881431,2.343553515,3.543661481,6.618001391,3.513171428,3.771072098
India,IND,AS,2015,3.328283939,0.8669738607,3.299481056,7.790176128,3.842247431,2.346706904,3.549651941,6.619196041,3.515554488,3.776411646
India,IND,AS,2016,3.337221438,0.8681332417,3.334144125,7.788504843,3.849652114,2.352439937,3.560187348,6.624564727,3.520805363,3.787089102
India,IND,AS,2017,3.351433214,0.8701463391,3.37395303,7.793007286,3.864359842,2.360919463,3.576247413,6.633572394,3.529852597,3.803465798
Japan,JPN,AS,1990,4.444891974,1.135226075,3.384834683,4.021732433,4.005020174,3.133788886,4.222539218,3.8654854,3.062596532,3.915654023
Japan,JPN,AS,1991,4.476543074,1.127188501,3.402966789,3.997850532,4.023719612,3.136078682,4.250420824,3.846843651,3.064305753,3.931029709
Japan,JPN,AS,1992,4.508425607,1.120984439,3.417777986,3.97381619,4.038060181,3.139592771,4.274170173,3.82651677,3.064719082,3.945315605
Japan,JPN,AS,1993,4.536822305,1.116613986,3.432073077,3.947669088,4.047995977,3.144453947,4.295543364,3.808279587,3.06485751,3.959776547
Japan,JPN,AS,1994,4.558339181,1.114183974,3.443154131,3.919815953,4.055942304,3.147991102,4.310524435,3.791088206,3.063447062,3.971400096
Japan,JPN,AS,1995,4.576516343,1.114120234,3.451145876,3.890009948,4.059817843,3.15217742,4.320131857,3.776493773,3.06157988,3.978707517
Japan,JPN,AS,1996,4.584902529,1.115937506,3.447970939,3.850258481,4.049838563,3.156440818,4.318503241,3.750633514,3.051899359,3.974909989
Japan,JPN,AS,1997,4.584798106,1.120227643,3.429635446,3.79960991,4.019467438,3.161073868,4.301069388,3.709903686,3.032028538,3.956211528
Japan,JPN,AS,1998,4.58157369,1.126270547,3.407017988,3.747350271,3.984134477,3.167515977,4.277268357,3.666730259,3.010070034,3.932785295
Japan,JPN,AS,1999,4.581391231,1.131738569,3.389016134,3.706018617,3.955841101,3.175392148,4.2590086,3.632302069,2.993176352,3.914054132
Japan,JPN,AS,2000,4.588812618,1.13391532,3.38590344,3.687581136,3.946961321,3.185785795,4.256476348,3.620396769,2.988968547,3.910213615
Japan,JPN,AS,2001,4.614691199,1.135193821,3.399021242,3.686489004,3.967286813,3.197439558,4.279357221,3.627621827,2.99952484,3.927250974
Japan,JPN,AS,2002,4.653401828,1.134699181,3.419333639,3.690841341,4.005427603,3.211392942,4.31656773,3.643386855,3.016932574,3.953979482
Japan,JPN,AS,2003,4.697946819,1.133126444,3.442266832,3.697542358,4.04767549,3.226102855,4.362492724,3.660003583,3.037310335,3.986226118
Japan,JPN,AS,2004,4.744239639,1.131567831,3.463716963,3.703319876,4.085722853,3.242106809,4.403766321,3.67436803,3.056779242,4.017304648
Japan,JPN,AS,2005,4.787736314,1.129909217,3.47960578,3.706230242,4.10491142,3.258166877,4.435138746,3.682233005,3.071845568,4.041447856
Japan,JPN,AS,2006,4.830588855,1.127728158,3.490036874,3.705651713,4.112215805,3.274363287,4.452113696,3.681582747,3.082956356,4.059691885
Japan,JPN,AS,2007,4.879894603,1.12352358,3.498582263,3.702664895,4.114220495,3.28932991,4.468749626,3.675653832,3.094047953,4.0773713
Japan,JPN,AS,2008,4.928039801,1.11801264,3.506053888,3.70134642,4.115565208,3.305900739,4.482930633,3.668635094,3.104943925,4.09438798
Japan,JPN,AS,2009,4.972396839,1.114072248,3.514880712,3.702505412,4.120215149,3.321203398,4.49954692,3.663677924,3.116651115,4.111697914
Japan,JPN,AS,2010,5.011021009,1.112061104,3.526511541,3.7049339,4.129340566,3.334981943,4.520132186,3.66515347,3.129768281,4.130563826
Japan,JPN,AS,2011,5.044409131,1.112327593,3.543323636,3.711186561,4.150245409,3.348385784,4.545693686,3.675476124,3.146266656,4.155278096
Japan,JPN,AS,2012,5.079414567,1.113654943,3.567169709,3.721590161,4.188752169,3.363390626,4.583074744,3.696142812,3.168773484,4.187421745
Japan,JPN,AS,2013,5.113619563,1.116226701,3.596452263,3.737125431,4.239473282,3.37925046,4.62766732,3.725849851,3.195748343,4.224527126
Japan,JPN,AS,2014,5.147809563,1.119965163,3.631524537,3.755603964,4.30154769,3.39674741,4.680759621,3.763927586,3.227352666,4.269159232
Japan,JPN,AS,2015,5.1824913,1.125334797,3.67123323,3.779593113,4.376312115,3.414246475,4.738678014,3.808991352,3.262430898,4.318648613
Japan,JPN,AS,2016,5.215324757,1.132326918,3.715476981,3.806021459,4.456592415,3.433483457,4.802730105,3.859478864,3.300907363,4.370679975
Japan,JPN,AS,2017,5.247430664,1.139402006,3.762269086,3.830424469,4.54556886,3.45148582,4.869787074,3.91867823,3.341564631,4.428166591
Kenya,KEN,AF,1990,3.486299144,1.287904126,2.400323001,8.099113121,3.872684633,2.947241179,3.672277701,6.66869096,3.636328907,3.706534313
Kenya,KEN,AF,1991,3.480996901,1.27976231,2.406737505,8.108007891,3.871093004,2.932317769,3.671021358,6.669161356,3.631228387,3.698724904
Kenya,KEN,AF,1992,3.477816805,1.271904843,2.415664361,8.119560419,3.87123327,2.920466257,3.670558559,6.668580311,3.628246232,3.693906251
Kenya,KEN,AF,1993,3.474840296,1.265306621,2.427626732,8.135580439,3.875621355,2.90979604,3.673624555,6.665166782,3.627330585,3.69195707
Kenya,KEN,AF,1994,3.474157254,1.261031009,2.441933752,8.15200536,3.880947452,2.901148894,3.676037799,6.661699156,3.627459284,3.691070281
Kenya,KEN,AF,1995,3.474923954,1.258129228,2.458336976,8.169974079,3.887261738,2.89666279,3.68048331,6.662547336,3.629548529,3.691939052
Kenya,KEN,AF,1996,3.480016157,1.257180411,2.480277321,8.203403623,3.904775055,2.895268054,3.693263197,6.671407819,3.639874128,3.702647165
Kenya,KEN,AF,1997,3.490462999,1.256959717,2.507589475,8.259525344,3.937896605,2.89714909,3.716032808,6.688071139,3.660153636,3.725064771
Kenya,KEN,AF,1998,3.503569194,1.257408388,2.535879624,8.324944571,3.97556126,2.898463112,3.741608215,6.70440522,3.683707696,3.751222522
Kenya,KEN,AF,1999,3.514445647,1.257677142,2.560706131,8.379468584,4.006282659,2.900814256,3.760298221,6.715971196,3.702923042,3.773707779
Kenya,KEN,AF,2000,3.518529474,1.257150999,2.578072423,8.407714115,4.020074464,2.900992669,3.77082896,6.717231043,3.711449205,3.786207729
Kenya,KEN,AF,2001,3.514941837,1.25728436,2.588687206,8.41265324,4.018683608,2.899800525,3.770235416,6.704848476,3.71107094,3.785681463
Kenya,KEN,AF,2002,3.511608373,1.257957245,2.5957973,8.409837008,4.011800384,2.897476779,3.762193706,6.687483737,3.707975115,3.782382214
Kenya,KEN,AF,2003,3.503798487,1.258762132,2.600533106,8.402705233,4.002242156,2.895657328,3.752801365,6.666198381,3.702906504,3.778185918
Kenya,KEN,AF,2004,3.494557388,1.259563628,2.603490174,8.392273395,3.991115676,2.891229339,3.741729486,6.641268741,3.695773831,3.772990704
Kenya,KEN,AF,2005,3.48373447,1.258895666,2.604575814,8.382536887,3.976672593,2.884941375,3.728825364,6.612419828,3.686510084,3.766407944
Kenya,KEN,AF,2006,3.468585791,1.256242143,2.600812588,8.360709236,3.951441691,2.872643058,3.709878884,6.574837355,3.669656094,3.751994066
Kenya,KEN,AF,2007,3.446657038,1.249826765,2.591052847,8.322055316,3.916331874,2.852941028,3.679524473,6.518055819,3.642445948,3.726257892
Kenya,KEN,AF,2008,3.421402725,1.243987537,2.580400133,8.271746599,3.873527042,2.832890517,3.646733038,6.457078753,3.611466934,3.696158051
Kenya,KEN,AF,2009,3.39807768,1.238837565,2.573649715,8.222142736,3.835189935,2.816443667,3.617308369,6.402318968,3.58320695,3.669051562
Kenya,KEN,AF,2010,3.383141785,1.236071644,2.575529366,8.184565323,3.805904665,2.809157364,3.595755644,6.365328335,3.563583124,3.651236446
Kenya,KEN,AF,2011,3.372964688,1.237743192,2.585637873,8.153362705,3.787416032,2.808142371,3.582110274,6.347261657,3.551369849,3.640799739
Kenya,KEN,AF,2012,3.363927167,1.239547439,2.598336403,8.119361758,3.76819191,2.810213818,3.567314773,6.331537099,3.540023046,3.630914135
Kenya,KEN,AF,2013,3.355210056,1.243002259,2.613118248,8.081359268,3.750770687,2.812336812,3.554904498,6.319313449,3.529981513,3.622034674
Kenya,KEN,AF,2014,3.348360368,1.248190193,2.630144554,8.045988763,3.736633576,2.815273105,3.542381331,6.309917242,3.521564987,3.614744801
Kenya,KEN,AF,2015,3.341645167,1.255090811,2.649966338,8.015915847,3.723490748,2.821343343,3.532369796,6.301453629,3.51488768,3.609804432
Kenya,KEN,AF,2016,3.336603043,1.262738235,2.673122476,7.992976467,3.712160885,2.828409434,3.523957157,6.299585039,3.510561107,3.606836079
Kenya,KEN,AF,2017,3.333212938,1.272225246,2.69922886,7.972825907,3.704721271,2.83912589,3.516194598,6.300635204,3.508418597,3.606281166
Mexico,MEX,NA,1990,2.756539806,0.8797833418,2.142362138,4.756596747,3.14223612,2.094831583,2.98767117,4.455687421,2.638416522,2.896026908
Mexico,MEX,NA,1991,2.723647236,0.8781265092,2.164671265,4.866316003,3.124234801,2.079044988,2.956617747,4.534076778,2.656294924,2.888707788
Mexico,MEX,NA,1992,2.695522849,0.876663497,2.187391275,4.965506158,3.10869998,2.066214512,2.930779761,4.605348103,2.673296805,2.885134469
Mexico,MEX,NA,1993,2.67604234,0.8767006159,2.210623449,5.048720588,3.097545748,2.056385223,2.911794929,4.66504492,2.688768548,2.886080922
Mexico,MEX,NA,1994,2.664111333,0.8771522857,2.234435024,5.106660325,3.090261851,2.051986374,2.899934548,4.709223228,2.701521318,2.891291793
Mexico,MEX,NA,1995,2.661859102,0.8791025833,2.25775741,5.132931919,3.086961628,2.051806815,2.895749672,4.734801444,2.710116583,2.899379098
Mexico,MEX,NA,1996,2.669263889,0.8823771487,2.282711396,5.141978367,3.09278218,2.057324493,2.903253663,4.74696926,2.717737029,2.913251711
Mexico,MEX,NA,1997,2.686772511,0.8837686372,2.310150074,5.150439968,3.104270357,2.0673793,2.918075722,4.76103812,2.727660057,2.932480581
Mexico,MEX,NA,1998,2.7107455,0.8864122564,2.338895667,5.159624714,3.119297099,2.081139354,2.936263599,4.772930609,2.738325664,2.954278444
Mexico,MEX,NA,1999,2.733433724,0.8893534345,2.367594518,5.16633048,3.131879894,2.094663029,2.955068008,4.784061704,2.748387313,2.975665674
Mexico,MEX,NA,2000,2.752607345,0.8931917526,2.395453975,5.168168788,3.142473864,2.107628488,2.967656241,4.792808361,2.756713076,2.995635251
Mexico,MEX,NA,2001,2.770084293,0.8968947022,2.42442236,5.167401941,3.149499643,2.122034219,2.979889643,4.797224062,2.764529057,3.012931975
Mexico,MEX,NA,2002,2.792668739,0.901207553,2.455504364,5.162205743,3.158117647,2.139951833,2.994290387,4.801154442,2.773451544,3.032675893
Mexico,MEX,NA,2003,2.814679651,0.9057960916,2.486817094,5.155207832,3.167991189,2.158346147,3.008888276,4.803752986,2.782113719,3.052024895
Mexico,MEX,NA,2004,2.834279649,0.9101627881,2.516634649,5.146627915,3.174933271,2.17229269,3.02127554,4.802742447,2.789093645,3.068916255
Mexico,MEX,NA,2005,2.847625591,0.9128823812,2.544089338,5.137961392,3.17976944,2.181366938,3.029683538,4.798382607,2.793921451,3.082184416
Mexico,MEX,NA,2006,2.852914369,0.9130558382,2.566295019,5.115625468,3.175851211,2.18286417,3.027980834,4.790850297,2.792500039,3.086697681
Mexico,MEX,NA,2007,2.851691641,0.9124452212,2.584232492,5.07388995,3.166690412,2.181946976,3.019616518,4.772987904,2.78575583,3.085487141
Mexico,MEX,NA,2008,2.850942427,0.9119386247,2.599660786,5.022386438,3.15392559,2.179194879,3.011080659,4.747870343,2.776403131,3.0821938
Mexico,MEX,NA,2009,2.849773316,0.9110483603,2.613915973,4.972368808,3.142962895,2.17955314,3.002165184,4.720233321,2.766796156,3.079453632
Mexico,MEX,NA,2010,2.85620462,0.9112969146,2.630826093,4.932519836,3.139764252,2.181593563,3.002935705,4.697212144,2.761090082,3.082135727
Mexico,MEX,NA,2011,2.870639832,0.9136408901,2.651098171,4.902144083,3.143965956,2.187939846,3.009763627,4.677682973,2.759083264,3.090610091
Mexico,MEX,NA,2012,2.892868101,0.9177146403,2.673392021,4.871956611,3.153252112,2.201871702,3.027330726,4.65631991,2.759360413,3.103908037
Mexico,MEX,NA,2013,2.923080324,0.9229730381,2.697324928,4.84110146,3.167295571,2.222375902,3.048810772,4.63538425,2.761886257,3.121137889
Mexico,MEX,NA,2014,2.962233567,0.9293946552,2.721985264,4.812320131,3.183649737,2.246692563,3.076902184,4.611522863,2.766085232,3.141667012
Mexico,MEX,NA,2015,3.005981167,0.9370881889,2.747516256,4.783266382,3.205728921,2.276755502,3.110233828,4.58637167,2.772135821,3.165514367
Mexico,MEX,NA,2016,3.054983295,0.947372215,2.773726486,4.757628146,3.229539214,2.310563333,3.148610724,4.560280809,2.779874889,3.19151001
Mexico,MEX,NA,2017,3.109214231,0.9576843783,2.800064154,4.734574692,3.258171414,2.346856098,3.189296377,4.532829684,2.78880657,3.219573177
Nigeria,NGA,AF,1990,3.689824266,1.415454415,2.933934186,9.151456578,4.381958683,3.118149529,4.060227671,7.080266956,3.93453547,4.101503
Nigeria,NGA,AF,1991,3.677498428,1.403306209,2.914322305,9.105621012,4.37423881,3.098169628,4.040742462,7.031561871,3.914469223,4.082911754
Nigeria,NGA,AF,1992,3.673622673,1.394464554,2.900257178,9.069411577,4.369180111,3.083460055,4.031878517,6.999673065,3.901840003,4.072125474
Nigeria,NGA,AF,1993,3.665723243,1.3879591,2.888621247,9.040327581,4.369409166,3.066635244,4.033117689,6.982755847,3.894071432,4.064641917
Nigeria,NGA,AF,1994,3.664881708,1.381959852,2.880860444,9.011683281,4.369280966,3.066731415,4.034726955,6.973363815,3.891122365,4.064771007
Nigeria,NGA,AF,1995,3.663629959,1.383339309,2.874499238,8.994515445,4.371053664,3.055468588,4.040122835,6.970787691,3.890893731,4.066714884
Nigeria,NGA,AF,1996,3.699990796,1.389639601,2.886598875,9.0048831,4.398819432,3.094451699,4.064137222,6.998675065,3.91158753,4.09897284
Nigeria,NGA,AF,1997,3.780635053,1.413691544,2.921132961,9.057897884,4.440857959,3.165238984,4.122962214,7.077621334,3.960369758,4.16385892
Nigeria,NGA,AF,1998,3.878117488,1.440034736,2.963278218,9.123653533,4.491765042,3.251498584,4.189426448,7.179847857,4.019440808,4.241190096
Nigeria,NGA,AF,1999,3.960248714,1.466076652,2.998790791,9.171325743,4.537429616,3.326568582,4.246480204,7.276445231,4.070706222,4.308716487
Nigeria,NGA,AF,2000,4.003318019,1.476804848,3.012468711,9.173567032,4.556290915,3.361808691,4.270643403,7.31797886,4.09463363,4.341529932
Nigeria,NGA,AF,2001,4.005662595,1.481014466,3.008964161,9.107871387,4.56540004,3.367932853,4.273971002,7.296774219,4.093900338,4.349883437
Nigeria,NGA,AF,2002,4.004900751,1.4809697,2.998843588,8.994498973,4.562227826,3.369472007,4.269732393,7.238371584,4.082073153,4.354870996
Nigeria,NGA,AF,2003,4.001033156,1.483971587,2.986486142,8.866490432,4.549153195,3.375307035,4.262828835,7.167808567,4.066114616,4.357714348
Nigeria,NGA,AF,2004,4.00636173,1.484663907,2.975734252,8.763483219,4.549987661,3.370792393,4.257688376,7.110882976,4.054425516,4.36214187
Nigeria,NGA,AF,2005,4.002016569,1.48660447,2.97068965,8.72078637,4.557856691,3.376774059,4.255271497,7.093757329,4.055038862,4.371242356
Nigeria,NGA,AF,2006,4.034240979,1.492284085,2.97893724,8.733846633,4.568480467,3.395210109,4.275846552,7.129917418,4.07563268,4.396704952
Nigeria,NGA,AF,2007,4.093091215,1.501562002,3.000684003,8.790044184,4.602973341,3.432702961,4.325208697,7.197767479,4.11475691,4.442061636
Nigeria,NGA,AF,2008,4.158071148,1.510874061,3.024623014,8.860521962,4.643246152,3.476782499,4.368604,7.273388465,4.157497395,4.488956572
Nigeria,NGA,AF,2009,4.212696211,1.521157487,3.045276959,8.924597827,4.673540959,3.517016612,4.412721183,7.337693667,4.195954217,4.530008301
Nigeria,NGA,AF,2010,4.239296298,1.524838151,3.053206759,8.958034483,4.686105708,3.527516706,4.439296706,7.38214741,4.218086635,4.549127346
Nigeria,NGA,AF,2011,4.225354584,1.523572046,3.045436622,8.961089665,4.679098299,3.52398364,4.427520121,7.395585638,4.218821094,4.541843674
Nigeria,NGA,AF,2012,4.18366662,1.52056723,3.027843814,8.952439425,4.660075349,3.487576209,4.40126745,7.385946966,4.205603148,4.51342363
Nigeria,NGA,AF,2013,4.109827612,1.510260937,2.998611349,8.914359699,4.61804012,3.436678195,4.344912428,7.354298481,4.175009828,4.461093294
Nigeria,NGA,AF,2014,4.009387243,1.489909529,2.96065437,8.863981306,4.564716357,3.359251653,4.279462777,7.305790999,4.131388233,4.390424599
Nigeria,NGA,AF,2015,3.887358006,1.467618896,2.913232057,8.779842644,4.493766718,3.274366112,4.183129636,7.227220625,4.071250673,4.300397634
Nigeria,NGA,AF,2016,3.741908033,1.440689847,2.858705323,8.68772677,4.413501206,3.160596711,4.074286669,7.138291286,4.001170175,4.193306838
Nigeria,NGA,AF,2017,3.565096578,1.409337407,2.79586864,8.565345099,4.325765165,3.03610842,3.951264584,7.030017995,3.917691287,4.068521916
Philippines,PHL,AS,1990,2.729618468,1.072571538,2.274003392,6.0066588,2.986851726,2.410339866,2.78599851,5.706240189,2.953031168,3.036967508
Philippines,PHL,AS,1991,2.724030269,1.06766683,2.27454429,5.978061512,2.976808189,2.406672133,2.773940783,5.683964207,2.941467502,3.028503146
Philippines,PHL,AS,1992,2.710994761,1.070852439,2.276013804,5.948622819,2.96107838,2.399075908,2.761063572,5.660389433,2.930071351,3.019460514
Philippines,PHL,AS,1993,2.685934069,1.067354226,2.274879301,5.932793966,2.943362496,2.389884317,2.741244794,5.639694388,2.915945508,3.005350889
Philippines,PHL,AS,1994,2.663363399,1.067438327,2.272770041,5.913535603,2.920084113,2.371886984,2.717746538,5.62210024,2.90055232,2.987916213
Philippines,PHL,AS,1995,2.635016824,1.065192825,2.27124019,5.908741344,2.897376813,2.361009448,2.697519875,5.604968041,2.885948125,2.971803453
Philippines,PHL,AS,1996,2.585222383,1.060774686,2.260811641,5.911785521,2.865029949,2.333365383,2.648653259,5.58019772,2.862835416,2.940261268
Philippines,PHL,AS,1997,2.490161303,1.056627443,2.240113158,5.911217279,2.821280366,2.28871645,2.582771523,5.553694045,2.829756645,2.890005332
Philippines,PHL,AS,1998,2.390125152,1.045012511,2.216948943,5.914158781,2.77162704,2.236303461,2.509108026,5.527259857,2.794866379,2.835487837
Philippines,PHL,AS,1999,2.301717423,1.040993411,2.198511882,5.912618309,2.72214014,2.189889316,2.44825283,5.505721538,2.764299946,2.786769171
Philippines,PHL,AS,2000,2.258726827,1.04162442,2.192449732,5.910380859,2.690502114,2.17621945,2.413464361,5.4736358,2.744973984,2.762328985
Philippines,PHL,AS,2001,2.241641943,1.039130913,2.193110549,5.898945796,2.674532286,2.16725406,2.396038416,5.443905447,2.732641198,2.751280056
Philippines,PHL,AS,2002,2.230044451,1.042342741,2.197379411,5.876901818,2.658032247,2.164338874,2.386031827,5.41217515,2.722644838,2.742843498
Philippines,PHL,AS,2003,2.224038131,1.048567255,2.206899946,5.850064162,2.651300718,2.162859398,2.379757996,5.385249361,2.71639637,2.737898758
Philippines,PHL,AS,2004,2.220906693,1.053742665,2.219761816,5.824808829,2.644055746,2.167614587,2.371712851,5.362071398,2.711980983,2.734672749
Philippines,PHL,AS,2005,2.216387364,1.055106942,2.234878898,5.823553942,2.637294809,2.168693745,2.371246651,5.348101633,2.710131633,2.732966615
Philippines,PHL,AS,2006,2.217839379,1.055710679,2.253355197,5.830113582,2.638753021,2.166625612,2.365839266,5.344153386,2.711847352,2.734297164
Philippines,PHL,AS,2007,2.225707936,1.058626394,2.27498846,5.842998393,2.636798033,2.167458491,2.37208262,5.334707658,2.714691334,2.73772859
Philippines,PHL,AS,2008,2.231471392,1.057133997,2.299681458,5.847616573,2.638530154,2.165222797,2.377152391,5.333838299,2.718874181,2.743007998
Philippines,PHL,AS,2009,2.241154529,1.054759733,2.324248069,5.859815512,2.633857795,2.16891479,2.382029858,5.333406919,2.722347301,2.747971217
Philippines,PHL,AS,2010,2.248722934,1.058180744,2.347191743,5.866438193,2.637520238,2.167405492,2.384549921,5.334310947,2.724996306,2.752024951
Philippines,PHL,AS,2011,2.261345581,1.055563246,2.369079267,5.871842091,2.642764255,2.174955054,2.39091156,5.336130267,2.728666949,2.759370053
Philippines,PHL,AS,2012,2.276900404,1.0577084,2.391058005,5.867596243,2.645981393,2.186435694,2.401412036,5.334339133,2.732703894,2.768611547
Philippines,PHL,AS,2013,2.301296595,1.063910742,2.413941412,5.855845833,2.652111528,2.195268834,2.412870823,5.336605044,2.737508766,2.778602984
Philippines,PHL,AS,2014,2.327299921,1.064649155,2.437941439,5.838458258,2.668823088,2.213048555,2.428441003,5.338207678,2.743462126,2.79251415
Philippines,PHL,AS,2015,2.357286633,1.068163664,2.461728744,5.820377173,2.669144482,2.230633463,2.451986227,5.337614272,2.749334902,2.806804589
Philippines,PHL,AS,2016,2.384305485,1.074889197,2.485674807,5.79480401,2.68686942,2.24827471,2.471322462,5.340304519,2.756013412,2.821584705
Philippines,PHL,AS,2017,2.421078232,1.084085107,2.511846894,5.768281192,2.697378515,2.273810702,2.496401166,5.340181475,2.765176009,2.841031083
Russia,RUS,AS,1990,3.67266419,0.9547717962,4.185043136,8.575612403,4.20765072,2.560653925,3.982392777,6.674001961,3.777935621,4.075351625
Russia,RUS,AS,1991,3.739516289,0.9613380045,4.225541442,8.591715702,4.24979446,2.599370586,4.03725462,6.708977045,3.803939723,4.113115271
Russia,RUS,AS,1992,3.801565886,0.9669490092,4.269730185,8.602706267,4.289635354,2.634682208,4.089151946,6.745616106,3.827052396,4.154723069
Russia,RUS,AS,1993,3.856445832,0.9718809114,4.311396161,8.610068182,4.326910134,2.664589409,4.135493059,6.795008617,3.848157805,4.201432584
Russia,RUS,AS,1994,3.902283189,0.9748317097,4.348838637,8.614811363,4.359151268,2.688747503,4.174743628,6.841278566,3.865413472,4.246629412
Russia,RUS,AS,1995,3.936691997,0.9765332295,4.383323238,8.606263601,4.386072596,2.705362827,4.205917041,6.872726925,3.878445109,4.285356492
Russia,RUS,AS,1996,3.96671419,0.9771429274,4.418450808,8.571936389,4.411677135,2.71760546,4.235095906,6.887479324,3.887354437,4.315693752
Russia,RUS,AS,1997,3.995889057,0.9777854835,4.456738981,8.511770106,4.437826969,2.72964947,4.265125389,6.863824333,3.892783344,4.333066553
Russia,RUS,AS,1998,4.021302338,0.9774896684,4.491602592,8.438204239,4.463726852,2.737333638,4.293319834,6.8308265,3.895549711,4.343836035
Russia,RUS,AS,1999,4.038450889,0.9771978543,4.520945426,8.366922824,4.480820486,2.742946906,4.313193637,6.776089888,3.894336764,4.346075508
Russia,RUS,AS,2000,4.044416291,0.9766964246,4.545385702,8.309119716,4.487958734,2.743536477,4.322393798,6.722194943,3.889153329,4.340741358
Russia,RUS,AS,2001,4.038918382,0.9752268035,4.561546592,8.255122319,4.485897234,2.737603182,4.320747342,6.668398466,3.877014882,4.32598698
Russia,RUS,AS,2002,4.026786243,0.972829607,4.569998593,8.201062873,4.479861288,2.727638814,4.316015645,6.618516726,3.858251002,4.303843824
Russia,RUS,AS,2003,4.010636191,0.9696321982,4.568275824,8.146642664,4.471661961,2.713893618,4.308986486,6.550019221,3.836638808,4.281844164
Russia,RUS,AS,2004,3.989990951,0.9672873664,4.561799894,8.091718898,4.462058107,2.699965608,4.298947979,6.486458634,3.814647037,4.261700292
Russia,RUS,AS,2005,3.969959337,0.9651814245,4.557772141,8.045900461,4.453474736,2.686597369,4.288415285,6.429117666,3.795195153,4.244046003
Russia,RUS,AS,2006,3.941937012,0.9644878562,4.551418754,8.001399497,4.440178902,2.67210606,4.27151729,6.366530173,3.774184636,4.227218445
Russia,RUS,AS,2007,3.902795193,0.9646833178,4.540640957,7.951162178,4.421106317,2.653947908,4.247061162,6.304028943,3.749429892,4.209205747
Russia,RUS,AS,2008,3.862476484,0.9654246624,4.52322324,7.905674411,4.400743984,2.636258387,4.217997146,6.232817887,3.726029093,4.192614983
Russia,RUS,AS,2009,3.827205123,0.9664105807,4.506298549,7.864736122,4.383625719,2.620407968,4.192788806,6.17222461,3.707287339,4.179626027
Russia,RUS,AS,2010,3.804873986,0.9661267039,4.499401032,7.844543657,4.372127671,2.60945151,4.176784707,6.141833467,3.696877498,4.174234943
Russia,RUS,AS,2011,3.792756287,0.9659353055,4.498723609,7.837739356,4.367431636,2.602330909,4.169201056,6.132491468,3.692264241,4.176569013
Russia,RUS,AS,2012,3.78245308,0.9652078613,4.499103757,7.833935157,4.363605484,2.596227771,4.164441838,6.139670374,3.688496784,4.181043834
Russia,RUS,AS,2013,3.775786455,0.9649099277,4.497475868,7.836850964,4.3635697,2.592131214,4.160892623,6.163051721,3.687462595,4.187044372
Russia,RUS,AS,2014,3.770795906,0.9651678628,4.496564641,7.838385985,4.367158809,2.589150043,4.161023474,6.198547665,3.688919275,4.196780701
Russia,RUS,AS,2015,3.769942353,0.9651881831,4.498668972,7.841053412,4.372927471,2.586610923,4.164080692,6.237269325,3.692351351,4.211903059
Russia,RUS,AS,2016,3.776860426,0.9647500827,4.505212564,7.836085128,4.383095188,2.588362637,4.1723188,6.271772021,3.698973112,4.230723421
Russia,RUS,AS,2017,3.786718553,0.9641168134,4.518866526,7.826350431,4.397162497,2.591619597,4.183320262,6.29583235,3.707924954,4.250834409
Senegal,SEN,AF,1990,3.041315927,1.093568059,2.253387012,7.281321278,3.7474649,2.451179439,3.403166126,6.154419408,3.335163203,3.443218634
Senegal,SEN,AF,1991,3.042584952,1.090620242,2.263279962,7.308133346,3.751702945,2.454569062,3.410299287,6.171198872,3.34000581,3.444047054
Senegal,SEN,AF,1992,3.046668329,1.089536722,2.274646317,7.338224159,3.757458844,2.448855753,3.406904497,6.184873226,3.34492139,3.443910356
Senegal,SEN,AF,1993,3.044884715,1.085644669,2.285890614,7.351271277,3.75120714,2.447299572,3.407491532,6.191128202,3.34594212,3.441582429
Senegal,SEN,AF,1994,3.044487705,1.085066348,2.299130535,7.368441999,3.749137842,2.440019052,3.402951461,6.198276961,3.346444212,3.436845484
Senegal,SEN,AF,1995,3.041808435,1.086681966,2.314708497,7.384178437,3.744163616,2.436431656,3.404333497,6.205677624,3.347022659,3.433334189
Senegal,SEN,AF,1996,3.032233423,1.085663402,2.326179579,7.387247824,3.725995684,2.436831864,3.389239063,6.195164252,3.340271394,3.421322478
Senegal,SEN,AF,1997,3.005395997,1.088411522,2.329580597,7.404059991,3.684878279,2.427814531,3.357124502,6.183237121,3.324083576,3.392570635
Senegal,SEN,AF,1998,2.984553761,1.088903794,2.33052853,7.407318841,3.628850669,2.423679128,3.316625911,6.167148708,3.304520512,3.363629172
Senegal,SEN,AF,1999,2.958246395,1.086631883,2.333284324,7.409222811,3.59060256,2.421446517,3.281441902,6.157582656,3.288247616,3.338960296
Senegal,SEN,AF,2000,2.949523814,1.090445924,2.341529821,7.411679157,3.564652533,2.414094567,3.262843654,6.150989318,3.279668428,3.323690595
Senegal,SEN,AF,2001,2.94514088,1.089070642,2.35371433,7.418023587,3.556614667,2.414514369,3.255102176,6.141347114,3.277780191,3.323461429
Senegal,SEN,AF,2002,2.948835715,1.091609079,2.364827705,7.424702566,3.548270084,2.413423977,3.245940205,6.137655393,3.277185962,3.32257452
Senegal,SEN,AF,2003,2.947010412,1.092971668,2.37482462,7.427630274,3.547569546,2.413721988,3.244324543,6.129034126,3.278086748,3.32421133
Senegal,SEN,AF,2004,2.947520341,1.093229749,2.38305533,7.428717282,3.537879973,2.414139927,3.242078496,6.121767527,3.278212683,3.325366578
Senegal,SEN,AF,2005,2.945399043,1.09079482,2.38951703,7.433589242,3.532771297,2.416033237,3.233277692,6.123079981,3.278445198,3.325465604
Senegal,SEN,AF,2006,2.941236409,1.08863034,2.393395301,7.443162445,3.527051469,2.412317306,3.23203981,6.123385142,3.277609304,3.323339306
Senegal,SEN,AF,2007,2.935855331,1.089079723,2.39563468,7.449743464,3.514769331,2.406354949,3.221156594,6.123980335,3.27663183,3.319479296
Senegal,SEN,AF,2008,2.929909273,1.086752756,2.397826241,7.456743039,3.508782772,2.396445267,3.217328697,6.129920065,3.277006365,3.316296938
Senegal,SEN,AF,2009,2.926340523,1.079430059,2.398563493,7.46681358,3.502285158,2.38444101,3.207279697,6.131696219,3.27540814,3.311152431
Senegal,SEN,AF,2010,2.926868547,1.078028404,2.403090145,7.46830633,3.49652214,2.380279288,3.208084915,6.134900029,3.276555897,3.311914432
Senegal,SEN,AF,2011,2.92646744,1.07701453,2.411205052,7.475906806,3.506128049,2.382812862,3.212279942,6.141899658,3.281262693,3.317739565
Senegal,SEN,AF,2012,2.929530818,1.078828658,2.421812805,7.478357591,3.512778703,2.383445693,3.219230389,6.157508731,3.288466683,3.324783809
Senegal,SEN,AF,2013,2.931909185,1.077851149,2.435796684,7.482020289,3.539251528,2.382030074,3.236015388,6.169393713,3.298502168,3.337505244
Senegal,SEN,AF,2014,2.94617805,1.080993728,2.455635902,7.484161983,3.567115258,2.382195526,3.257159074,6.192833271,3.314314114,3.357365368
Senegal,SEN,AF,2015,2.952947127,1.084048981,2.476724481,7.48528044,3.601260035,2.386320555,3.280265171,6.207445004,3.329604658,3.378552053
Senegal,SEN,AF,2016,2.963055638,1.087193517,2.50292471,7.492917339,3.644686264,2.399032626,3.312486215,6.232049491,3.349870219,3.406051756
Senegal,SEN,AF,2017,2.979157781,1.090396583,2.530136081,7.492899106,3.691079798,2.400725201,3.344432536,6.255920979,3.370497208,3.434766138
South Africa,ZAF,AF,1990,4.214173054,1.134459423,3.207127743,7.298564732,4.488623237,3.053235764,4.345834911,6.178835307,3.75891343,4.280989097
South Africa,ZAF,AF,1991,4.189236874,1.131640776,3.209562299,7.321305112,4.437364449,3.040963715,4.301196995,6.191752237,3.746342183,4.253246664
South Africa,ZAF,AF,1992,4.166559512,1.132210305,3.213254563,7.340225519,4.390450657,3.033322651,4.263664042,6.198325841,3.734962098,4.229688365
South Africa,ZAF,AF,1993,4.150382474,1.131793725,3.218731103,7.354678365,4.353888469,3.028356463,4.232543618,6.20213017,3.725611646,4.212697413
South Africa,ZAF,AF,1994,4.13894712,1.133642858,3.22546152,7.363956498,4.325691931,3.025289017,4.208999801,6.201253353,3.717603349,4.201164744
South Africa,ZAF,AF,1995,4.136273115,1.134082372,3.235393889,7.37435658,4.305569297,3.024224346,4.195384253,6.200991785,3.712990548,4.197171899
South Africa,ZAF,AF,1996,4.13768955,1.136814067,3.247643307,7.362744808,4.296676777,3.032095806,4.186290226,6.18607735,3.70884233,4.197253163
South Africa,ZAF,AF,1997,4.141974224,1.141241756,3.258393636,7.329369269,4.289040405,3.041492366,4.182481033,6.158988689,3.702840481,4.199590514
South Africa,ZAF,AF,1998,4.147956054,1.147517776,3.268443965,7.284702019,4.28114236,3.054412707,4.181077721,6.124054288,3.696580177,4.203874226
South Africa,ZAF,AF,1999,4.161288915,1.15360921,3.28169248,7.253913079,4.283043436,3.070856578,4.184013066,6.090112451,3.694010657,4.213122004
South Africa,ZAF,AF,2000,4.174260067,1.157725036,3.299781143,7.244385004,4.285281443,3.08619867,4.191638981,6.068540112,3.695490763,4.223864548
South Africa,ZAF,AF,2001,4.201055266,1.162530177,3.330399993,7.273827392,4.295801406,3.110467397,4.208912323,6.060333697,3.705861428,4.240518325
South Africa,ZAF,AF,2002,4.24755691,1.169183227,3.373027021,7.320770384,4.321030113,3.138182074,4.244251245,6.057059002,3.72465795,4.268178927
South Africa,ZAF,AF,2003,4.301415497,1.174805352,3.417572562,7.37610391,4.34533651,3.165385031,4.280933699,6.053773789,3.744976727,4.29786141
South Africa,ZAF,AF,2004,4.341256134,1.180209676,3.45645493,7.426022119,4.362369073,3.19002508,4.309268303,6.049518185,3.76094423,4.320031266
South Africa,ZAF,AF,2005,4.362159064,1.182837456,3.485758907,7.452203597,4.368642671,3.201642107,4.31970953,6.036420338,3.767503957,4.329691618
South Africa,ZAF,AF,2006,4.357644759,1.185747774,3.502917082,7.453983804,4.350283293,3.203325211,4.311112333,6.014510582,3.76069618,4.320539501
South Africa,ZAF,AF,2007,4.343632281,1.184422054,3.510877293,7.439950727,4.315627203,3.202120194,4.287559702,5.981695096,3.74469559,4.299501388
South Africa,ZAF,AF,2008,4.32800171,1.185143862,3.514537269,7.421740189,4.27585321,3.196087739,4.261044411,5.945477096,3.725575473,4.273766141
South Africa,ZAF,AF,2009,4.311396894,1.184350463,3.518278654,7.402713454,4.244023396,3.190902066,4.23788791,5.910118324,3.708588743,4.252849616
South Africa,ZAF,AF,2010,4.304157349,1.18451774,3.528613037,7.388141907,4.225954578,3.189177881,4.225917876,5.891296518,3.699950401,4.244862608
South Africa,ZAF,AF,2011,4.304591359,1.18407194,3.546930433,7.382798199,4.225818416,3.189188081,4.228194184,5.889916015,3.699571265,4.249780594
South Africa,ZAF,AF,2012,4.310727463,1.184399017,3.565452064,7.370532462,4.227180178,3.190481894,4.23029597,5.893492193,3.700293991,4.256893077
South Africa,ZAF,AF,2013,4.317477526,1.185019522,3.584283278,7.357111254,4.235609927,3.190367526,4.239256762,5.902438219,3.703193287,4.266674952
South Africa,ZAF,AF,2014,4.329572338,1.184685126,3.604238188,7.342824168,4.250169382,3.193388412,4.248150082,5.917627103,3.708790224,4.279921248
South Africa,ZAF,AF,2015,4.34541672,1.184588733,3.627832335,7.328521041,4.267675633,3.198265165,4.265290375,5.939517606,3.717595237,4.297935241
South Africa,ZAF,AF,2016,4.36406314,1.185832031,3.656836769,7.318740569,4.292767686,3.200948614,4.287455464,5.964214979,3.7297633,4.321429425
South Africa,ZAF,AF,2017,4.386092999,1.183533037,3.691851809,7.312164043,4.326363137,3.20788202,4.31669999,5.996595969,3.745870851,4.351153184
Spain,ESP,EU,1990,4.331495363,2.329858139,4.182803379,5.300849116,4.72534781,3.503074037,4.535900781,5.078512302,3.858486201,4.561803763
Spain,ESP,EU,1991,4.22921939,2.183497984,4.145391409,5.322200445,4.608800975,3.474812037,4.430575957,5.09157436,3.789710868,4.458190773
Spain,ESP,EU,1992,4.151537044,2.04038463,4.110303682,5.322062007,4.49728786,3.432316945,4.33507728,5.102461596,3.724553882,4.366123632
Spain,ESP,EU,1993,4.070247514,1.927155724,4.083886562,5.32376075,4.409589743,3.396471993,4.255615825,5.10670454,3.669752131,4.28936923
Spain,ESP,EU,1994,4.011342493,1.854613335,4.071955424,5.317089632,4.345615942,3.381142238,4.197920218,5.104108542,3.631978786,4.237236199
Spain,ESP,EU,1995,3.975871839,1.82940324,4.076196032,5.309562163,4.311029571,3.361426774,4.163076248,5.097933899,3.613516893,4.212977023
Spain,ESP,EU,1996,3.948968372,1.839107848,4.077261971,5.280090378,4.283557668,3.345567353,4.128246357,5.063956894,3.596280065,4.197867096
Spain,ESP,EU,1997,3.921797884,1.85173442,4.056752005,5.214442272,4.242450097,3.334720898,4.08212816,4.997532971,3.563348944,4.171847041
Spain,ESP,EU,1998,3.8919593,1.865310524,4.028192381,5.136295492,4.197594433,3.318210546,4.047642047,4.91773434,3.525653798,4.144681028
Spain,ESP,EU,1999,3.857797394,1.877860375,4.000003916,5.063839097,4.152799883,3.299372217,4.008322362,4.846133113,3.489747311,4.117406103
Spain,ESP,EU,2000,3.83959379,1.882923213,3.985669534,5.014795276,4.12898503,3.282813398,3.973629867,4.800862407,3.467220164,4.105399107
Spain,ESP,EU,2001,3.810417486,1.881285296,3.975423201,4.9870183,4.102110197,3.268059404,3.945002685,4.777086733,3.448445956,4.092482569
Spain,ESP,EU,2002,3.766779326,1.875487356,3.954992187,4.959943979,4.062660477,3.250138709,3.898938274,4.75137507,3.422317704,4.065807
Spain,ESP,EU,2003,3.724225725,1.872536908,3.932281373,4.934653218,4.021946978,3.229320238,3.859405023,4.728652395,3.395532115,4.035559168
Spain,ESP,EU,2004,3.685541614,1.867626853,3.913200016,4.9151084,3.98044591,3.209380013,3.820648268,4.713862111,3.373110087,4.010349724
Spain,ESP,EU,2005,3.66875427,1.86185265,3.902242125,4.908019863,3.95939657,3.195428177,3.793259563,4.702011052,3.358963377,3.998161522
Spain,ESP,EU,2006,3.671644911,1.859807244,3.910893545,4.906955018,3.963100217,3.195864059,3.795210422,4.709535225,3.362960776,4.013787757
Spain,ESP,EU,2007,3.698858919,1.861722835,3.942839268,4.930855029,3.990709598,3.204582027,3.821941939,4.746629315,3.386967716,4.055678596
Spain,ESP,EU,2008,3.725873996,1.859734734,3.98133618,4.954651164,4.028190543,3.215000116,3.858911079,4.792785749,3.416201479,4.106304218
Spain,ESP,EU,2009,3.756306679,1.855884336,4.013997617,4.974443432,4.065156489,3.225912384,3.891506463,4.825653954,3.441261696,4.153423051
Spain,ESP,EU,2010,3.780182388,1.854125389,4.033453183,4.982454251,4.076432191,3.231092617,3.901725457,4.839257007,3.454534437,4.185135269
Spain,ESP,EU,2011,3.792146036,1.851360225,4.044023636,4.970848445,4.095216482,3.237939584,3.918117168,4.833626292,3.460589669,4.210119732
Spain,ESP,EU,2012,3.813211309,1.854919071,4.057919451,4.957153391,4.123682871,3.24844085,3.95397871,4.825173045,3.47057474,4.243148157
Spain,ESP,EU,2013,3.826851135,1.857137334,4.072876692,4.941413671,4.15929778,3.262222485,3.983160681,4.808983156,3.48088208,4.280475999
Spain,ESP,EU,2014,3.854411539,1.855241591,4.086825152,4.921994222,4.199222808,3.279032497,4.020051687,4.791163573,3.491549703,4.316853423
Spain,ESP,EU,2015,3.892826644,1.855945222,4.103807756,4.895490615,4.250452076,3.30426667,4.05821932,4.770648679,3.506859465,4.3610591
Spain,ESP,EU,2016,3.933217297,1.86164528,4.119570017,4.864654206,4.307584586,3.322834832,4.106136692,4.746444828,3.522660875,4.405808536
Spain,ESP,EU,2017,3.967729747,1.860354569,4.134464877,4.833006875,4.371449908,3.350122586,4.151833437,4.724249871,3.538359291,4.449179401
Turkey,TUR,AF,1990,4.327654723,1.635599684,3.389285436,5.471415549,4.897443586,3.525676981,4.598291368,5.575832977,3.788092281,4.621399472
Turkey,TUR,AF,1991,4.34763381,1.633986322,3.424748451,5.465820979,4.908344203,3.531963933,4.623751064,5.573705332,3.792859579,4.638308128
Turkey,TUR,AF,1992,4.366509721,1.636903429,3.460263041,5.45574531,4.919062606,3.539290146,4.63811038,5.571373783,3.796956566,4.651137004
Turkey,TUR,AF,1993,4.383737271,1.638687155,3.492668226,5.445207792,4.923739791,3.540150677,4.640004933,5.567562594,3.79867968,4.661178452
Turkey,TUR,AF,1994,4.402506587,1.64399074,3.527393416,5.43340091,4.927460516,3.554867614,4.648348138,5.561580106,3.802672139,4.676374961
Turkey,TUR,AF,1995,4.412238375,1.645546853,3.560435684,5.420018485,4.932220254,3.560618118,4.654519319,5.553194888,3.804783057,4.687207148
Turkey,TUR,AF,1996,4.443773432,1.651599881,3.598072569,5.391907874,4.926347708,3.583299866,4.673347879,5.546401203,3.810492817,4.705684187
Turkey,TUR,AF,1997,4.494799886,1.668012511,3.639091206,5.361128981,4.920094921,3.625894598,4.690296437,5.527279834,3.819963715,4.736523997
Turkey,TUR,AF,1998,4.545482798,1.689578498,3.678928594,5.336226665,4.912146746,3.68167514,4.712993765,5.500750429,3.830476287,4.770067662
Turkey,TUR,AF,1999,4.586065376,1.703168695,3.719086353,5.311042225,4.921771341,3.727233093,4.733189471,5.47994413,3.843739683,4.806320267
Turkey,TUR,AF,2000,4.606544259,1.710831537,3.753650086,5.293304643,4.937860679,3.753980248,4.737742152,5.469528918,3.852893749,4.83362681
Turkey,TUR,AF,2001,4.58563179,1.706022407,3.785794073,5.286980986,4.980950057,3.721899479,4.737586711,5.491154061,3.862662535,4.849658526
Turkey,TUR,AF,2002,4.541785926,1.693111374,3.816929248,5.273487068,5.023845654,3.660105101,4.744611129,5.531024247,3.87259132,4.858954735
Turkey,TUR,AF,2003,4.481382745,1.669847048,3.847695034,5.247038454,5.078345763,3.590507769,4.752579857,5.580596838,3.882399266,4.866879618
Turkey,TUR,AF,2004,4.410788908,1.658836078,3.874160162,5.228290484,5.120135829,3.530022932,4.755499661,5.619956316,3.886960952,4.86550325
Turkey,TUR,AF,2005,4.349678819,1.650891071,3.894110417,5.209927488,5.133715697,3.503609295,4.752183083,5.632946456,3.883744562,4.857856551
Turkey,TUR,AF,2006,4.292761987,1.675374686,3.904466337,5.180188792,5.112347506,3.496392853,4.731725677,5.614168165,3.870490519,4.838953135
Turkey,TUR,AF,2007,4.228697473,1.713223499,3.903499323,5.12858527,5.059163871,3.512866192,4.673324212,5.58255267,3.846446201,4.803638272
Turkey,TUR,AF,2008,4.15021744,1.763514552,3.895518064,5.065406655,4.988527474,3.533342871,4.603932299,5.541528584,3.816131995,4.755383093
Turkey,TUR,AF,2009,4.082141806,1.808527991,3.890372163,5.025616192,4.928821147,3.552185296,4.537610403,5.503548605,3.78939056,4.710697594
Turkey,TUR,AF,2010,4.028343438,1.822693045,3.892308123,5.008929305,4.895151473,3.553206208,4.485569307,5.483876123,3.770030332,4.680027325
Turkey,TUR,AF,2011,3.990403143,1.827702785,3.904027204,5.008890671,4.885612844,3.546776016,4.459367751,5.479540889,3.760553732,4.665507258
Turkey,TUR,AF,2012,3.948137207,1.828491311,3.913904278,5.010535994,4.859957858,3.536577962,4.43656417,5.480744197,3.750356179,4.646339153
Turkey,TUR,AF,2013,3.915261147,1.833178024,3.926264682,5.01087374,4.852637817,3.522069846,4.416911605,5.477117728,3.74234937,4.632120197
Turkey,TUR,AF,2014,3.882325758,1.831304604,3.939167571,5.014569891,4.840719644,3.503679228,4.403234754,5.478783831,3.734200114,4.615412876
Turkey,TUR,AF,2015,3.842399042,1.828900064,3.95317791,5.026468118,4.822597132,3.481763206,4.385756065,5.482815265,3.725807442,4.597474961
Turkey,TUR,AF,2016,3.82366277,1.824251261,3.972242533,5.032858005,4.818867469,3.458602084,4.374372573,5.492726026,3.721384876,4.590959098
Turkey,TUR,AF,2017,3.807509004,1.820093834,3.99314432,5.048042633,4.812289359,3.429408757,4.363078838,5.504971666,3.718657828,4.589840799
United Arab Emirates,ARE,AS,1990,3.302753043,1.35161779,2.871490257,4.19384048,4.029044974,2.745609775,3.698125509,4.572811719,3.057251304,3.896623198
United Arab Emirates,ARE,AS,1991,3.308274823,1.353163252,2.917082517,4.186251182,4.061095336,2.745204372,3.696430979,4.566685126,3.062559033,3.909701087
United Arab Emirates,ARE,AS,1992,3.304697833,1.353384973,2.962722121,4.179335101,4.090666139,2.751832877,3.682893339,4.558618579,3.065181442,3.91870042
United Arab Emirates,ARE,AS,1993,3.304601357,1.353839993,3.00453351,4.173111835,4.086496126,2.74741712,3.67825448,4.551298372,3.064991263,3.920914361
United Arab Emirates,ARE,AS,1994,3.30346473,1.354611958,3.041641257,4.170134003,4.065490019,2.746692677,3.673087484,4.541793115,3.063985803,3.919654503
United Arab Emirates,ARE,AS,1995,3.30313203,1.35878461,3.071945029,4.162514959,4.041434523,2.749714999,3.671288496,4.534880039,3.062632551,3.91310936
United Arab Emirates,ARE,AS,1996,3.307546395,1.355809425,3.091752495,4.155545677,4.009765151,2.750450142,3.66468121,4.52634872,3.058047957,3.894749846
United Arab Emirates,ARE,AS,1997,3.304131877,1.358977908,3.105182212,4.14843572,3.973171977,2.75532311,3.660100035,4.511866692,3.050694019,3.868645255
United Arab Emirates,ARE,AS,1998,3.304988232,1.362040501,3.110670316,4.142722503,3.930805512,2.755533873,3.644934859,4.488623302,3.037637097,3.833829962
United Arab Emirates,ARE,AS,1999,3.314975637,1.363958846,3.117322597,4.135638285,3.898234865,2.757078923,3.624750426,4.470803109,3.026213064,3.804144777
United Arab Emirates,ARE,AS,2000,3.313930011,1.362773586,3.12545148,4.128495137,3.87597279,2.757282526,3.600058401,4.459303826,3.016993862,3.779933643
United Arab Emirates,ARE,AS,2001,3.298336649,1.363221896,3.135696719,4.12269312,3.852464412,2.759400882,3.578423061,4.446700468,3.008509631,3.762269579
United Arab Emirates,ARE,AS,2002,3.289845784,1.365850663,3.149471327,4.11111857,3.833231113,2.756681761,3.55772124,4.436199717,3.000685126,3.750301407
United Arab Emirates,ARE,AS,2003,3.280941083,1.365288906,3.16262333,4.088925628,3.809057988,2.754119118,3.529855719,4.428174374,2.991237758,3.739020733
United Arab Emirates,ARE,AS,2004,3.265214089,1.368670162,3.176288085,4.075734097,3.781125132,2.748123125,3.513110979,4.417398488,2.981862573,3.730122033
United Arab Emirates,ARE,AS,2005,3.25464585,1.363654252,3.186446498,4.054349792,3.743032983,2.747205725,3.491532826,4.400036782,2.969513107,3.720527966
United Arab Emirates,ARE,AS,2006,3.23941631,1.369178692,3.194272069,4.036237334,3.711156172,2.733325749,3.472165529,4.366150945,2.954304892,3.710347763
United Arab Emirates,ARE,AS,2007,3.189686731,1.357213709,3.217082916,4.013541349,3.654727534,2.698327812,3.427346929,4.344746854,2.925634625,3.638160191
United Arab Emirates,ARE,AS,2008,3.125460115,1.358440074,3.230867965,3.990021663,3.597543011,2.66011284,3.396674721,4.326844783,2.896171353,3.573736373
United Arab Emirates,ARE,AS,2009,3.054988205,1.350138943,3.239042154,3.976223571,3.55744981,2.63341845,3.363386111,4.314081234,2.869359591,3.512127845
United Arab Emirates,ARE,AS,2010,3.033909729,1.352240876,3.254601148,3.970280402,3.560337558,2.641078053,3.345674385,4.305042327,2.860907373,3.533628455
United Arab Emirates,ARE,AS,2011,3.022648186,1.353377111,3.277245558,3.972133193,3.574973863,2.654062496,3.334118972,4.302107667,2.857146616,3.564377989
United Arab Emirates,ARE,AS,2012,3.024293351,1.354494048,3.301425429,3.974050544,3.593212699,2.663247709,3.309717147,4.289911934,2.853733316,3.595525198
United Arab Emirates,ARE,AS,2013,3.037729677,1.349638264,3.32942544,3.987756175,3.607351124,2.663699636,3.287896921,4.273659604,2.852340877,3.630459945
United Arab Emirates,ARE,AS,2014,3.058550203,1.353502539,3.359663577,4.004429698,3.619600706,2.668841905,3.269724378,4.260323602,2.854571763,3.66677262
United Arab Emirates,ARE,AS,2015,3.08971424,1.356013003,3.3940405,4.02051325,3.624517434,2.680184634,3.258664424,4.253535886,2.859825078,3.707559545
United Arab Emirates,ARE,AS,2016,3.116352551,1.361182062,3.435528179,4.04042879,3.625559596,2.687976192,3.269265761,4.249828209,2.868621069,3.756616648
United Arab Emirates,ARE,AS,2017,3.134621154,1.365809238,3.478972377,4.061729017,3.622626377,2.694457709,3.289402826,4.245110159,2.877426127,3.807138134
United Kingdom,GBR,EU,1990,5.04294847,1.820999,4.733418136,5.608281396,5.774196233,3.89749917,5.480723059,5.633889484,4.264896872,5.438941734
United Kingdom,GBR,EU,1991,5.033013684,1.807387682,4.72465784,5.592187079,5.76172221,3.87731251,5.467964669,5.618770725,4.255941542,5.443812195
United Kingdom,GBR,EU,1992,5.021566837,1.794430694,4.715397687,5.576545994,5.750259583,3.858509975,5.458307686,5.604535076,4.248149342,5.448960532
United Kingdom,GBR,EU,1993,5.013104282,1.782392708,4.707581646,5.56167791,5.7441587,3.843313138,5.448623503,5.592127443,4.241935585,5.45376241
United Kingdom,GBR,EU,1994,5.00683237,1.773031057,4.703189134,5.547443685,5.738479517,3.831911058,5.443640957,5.580959068,4.237368772,5.457014674
United Kingdom,GBR,EU,1995,5.002340259,1.765587878,4.702809457,5.53494223,5.738372942,3.823942162,5.441116821,5.573706474,4.234784826,5.458222738
United Kingdom,GBR,EU,1996,5.003598624,1.760552486,4.706331792,5.523913863,5.741623865,3.819495396,5.443075095,5.56940948,4.235221122,5.462706816
United Kingdom,GBR,EU,1997,5.00595655,1.755359384,4.710990446,5.514654484,5.749081075,3.81662459,5.44731605,5.567608865,4.238197692,5.467899078
United Kingdom,GBR,EU,1998,5.009463642,1.750679742,4.71526291,5.504410432,5.756834369,3.812860631,5.451013287,5.563578557,4.241218042,5.472996773
United Kingdom,GBR,EU,1999,5.010567551,1.746018746,4.719737564,5.491655758,5.761392301,3.808639472,5.454213045,5.557763172,4.242819669,5.477362603
United Kingdom,GBR,EU,2000,5.009263499,1.740316901,4.722762529,5.472613201,5.76261052,3.800069734,5.453222753,5.547182283,4.24051612,5.478055913
United Kingdom,GBR,EU,2001,4.982087923,1.731662384,4.708906147,5.425926616,5.737711961,3.778147034,5.425310371,5.513046981,4.222041832,5.456203806
United Kingdom,GBR,EU,2002,4.924602273,1.720473405,4.672426681,5.344882228,5.678964213,3.743067759,5.364264851,5.449105333,4.185712149,5.405920449
United Kingdom,GBR,EU,2003,4.853397557,1.70842651,4.627630723,5.250216936,5.607086544,3.701950384,5.291398857,5.376911693,4.143341821,5.344775757
United Kingdom,GBR,EU,2004,4.792890971,1.699421556,4.587810453,5.161111206,5.540828446,3.667804629,5.225412548,5.317430685,4.106059917,5.289993297
United Kingdom,GBR,EU,2005,4.763253864,1.695381618,4.56835109,5.099461853,5.503767005,3.648381422,5.185064768,5.289864959,4.085992973,5.259328994
United Kingdom,GBR,EU,2006,4.756802784,1.696846293,4.5712125,5.055804622,5.494383851,3.642548949,5.168976852,5.296542611,4.085044193,5.25557689
United Kingdom,GBR,EU,2007,4.753407945,1.701084958,4.583843195,5.012962054,5.49451315,3.642190743,5.162326451,5.316827399,4.094587582,5.267529962
United Kingdom,GBR,EU,2008,4.75193757,1.70814085,4.599891947,4.974500224,5.501995664,3.645542566,5.161416627,5.342840696,4.108738637,5.286649611
United Kingdom,GBR,EU,2009,4.749606733,1.715486979,4.614154752,4.948165822,5.50921373,3.650996232,5.162319967,5.366439006,4.121571905,5.303407075
United Kingdom,GBR,EU,2010,4.747683832,1.722685797,4.619644393,4.936853708,5.511249863,3.657217409,5.16151155,5.377240739,4.126806923,5.308710967
United Kingdom,GBR,EU,2011,4.743395424,1.729766742,4.618908627,4.93705872,5.506824579,3.664490123,5.159010676,5.380251901,4.126230252,5.304843492
United Kingdom,GBR,EU,2012,4.739921181,1.738265883,4.617863398,4.94218539,5.503478921,3.67104393,5.15693199,5.382109644,4.126115668,5.299642483
United Kingdom,GBR,EU,2013,4.735659018,1.747160366,4.617081713,4.954211573,5.49785108,3.68009076,5.154525176,5.383604074,4.125824721,5.292655796
United Kingdom,GBR,EU,2014,4.731873393,1.757930182,4.617579433,4.973066042,5.489314881,3.6907807,5.150814357,5.386351533,4.125316359,5.284620867
United Kingdom,GBR,EU,2015,4.728889645,1.770062372,4.618243364,5.001359144,5.477901135,3.703878415,5.144332766,5.388498814,4.124435125,5.276047451
United Kingdom,GBR,EU,2016,4.72502569,1.783341238,4.618288632,5.038124426,5.464903909,3.717113266,5.135783838,5.38857292,4.122484948,5.265733298
United Kingdom,GBR,EU,2017,4.718989666,1.798224525,4.617432064,5.084447438,5.448842401,3.73214736,5.126420918,5.388172538,4.119523991,5.252410991
United States,USA,NA,1990,6.699288963,1.96394153,4.963350436,4.15647872,6.606145737,5.190061461,6.685404109,5.23451553,4.67759131,6.395425936
United States,USA,NA,1991,6.669065577,1.904830722,4.946940482,4.245663527,6.589472276,5.075996789,6.661834636,5.231741343,4.660870739,6.370903996
United States,USA,NA,1992,6.646269781,1.871112684,4.935974086,4.312666514,6.570677241,5.009346832,6.64230708,5.236306624,4.651949386,6.351287534
United States,USA,NA,1993,6.633218783,1.85598615,4.929702372,4.360337659,6.553555537,4.974135298,6.621911995,5.245099257,4.648701407,6.336980595
United States,USA,NA,1994,6.626928346,1.852557121,4.928045302,4.38764973,6.536763296,4.965265033,6.603422144,5.256015426,4.649294233,6.328246071
United States,USA,NA,1995,6.62566648,1.85468465,4.929694026,4.397110982,6.522280637,4.965212847,6.586854753,5.264075642,4.650868623,6.321827091
United States,USA,NA,1996,6.618128271,1.939312754,4.939371482,4.351248277,6.475211065,5.086398214,6.541185758,5.266527814,4.662901506,6.32751045
United States,USA,NA,1997,6.596242785,2.14064707,4.958763392,4.241941419,6.384449357,5.375447484,6.45229642,5.272273462,4.689153544,6.352150747
United States,USA,NA,1998,6.574117397,2.379289893,4.983782543,4.106229452,6.278825139,5.718165148,6.346901063,5.275478811,4.720715563,6.387676488
United States,USA,NA,1999,6.557801721,2.581107214,5.010405526,3.981453093,6.193287177,6.016202784,6.254941451,5.283262069,4.749991251,6.425701991
United States,USA,NA,2000,6.556310009,2.669835012,5.030967015,3.907487119,6.152496133,6.152277901,6.211567556,5.29842087,4.766991632,6.454121652
United States,USA,NA,2001,6.561733225,2.675459481,5.044929223,3.871550463,6.148137583,6.167255051,6.204264676,5.317297044,4.774030778,6.471127796
United States,USA,NA,2002,6.559755585,2.677526376,5.05323403,3.838533588,6.145014021,6.17172461,6.193151421,5.320882369,4.778244357,6.483292659
United States,USA,NA,2003,6.553755326,2.679355608,5.059354633,3.808156878,6.144987592,6.172605254,6.185678808,5.320739958,4.781680022,6.49284737
United States,USA,NA,2004,6.551069425,2.682766095,5.065986828,3.782817297,6.143982534,6.172962868,6.182331812,5.322907144,4.785231508,6.501610127
United States,USA,NA,2005,6.556633853,2.683156195,5.074782169,3.763320974,6.148290675,6.182659,6.186120547,5.326850869,4.791257683,6.513610333
United States,USA,NA,2006,6.570832396,2.690125225,5.077712913,3.751559002,6.143382403,6.201108063,6.191755264,5.325824472,4.793212723,6.516130401
United States,USA,NA,2007,6.589325637,2.697741833,5.065694001,3.747698727,6.13093688,6.22233674,6.195387148,5.304922668,4.786622713,6.502589586
United States,USA,NA,2008,6.605397711,2.709455034,5.04740517,3.747238039,6.114153704,6.247350838,6.196655136,5.279424755,4.776402144,6.481403696
United States,USA,NA,2009,6.618750233,2.718113253,5.03080606,3.750467212,6.098205611,6.263722536,6.194541129,5.256754569,4.765950113,6.460758737
United States,USA,NA,2010,6.623985395,2.721345836,5.022382948,3.753132522,6.093578584,6.272549334,6.192766233,5.243815647,4.761550716,6.4522334
United States,USA,NA,2011,6.627169198,2.721098359,5.021879896,3.756238286,6.095139332,6.270901482,6.192040544,5.242858999,4.762322295,6.45239318
United States,USA,NA,2012,6.629954724,2.718650504,5.022365367,3.762180538,6.099282697,6.270162394,6.196200125,5.241561028,4.765480791,6.455907739
United States,USA,NA,2013,6.635032275,2.717762225,5.026749199,3.770123404,6.108948022,6.272201767,6.203256525,5.248502704,4.772422125,6.463732966
United States,USA,NA,2014,6.640820735,2.715468534,5.03535423,3.780524239,6.125342465,6.268923911,6.215065485,5.261291011,4.782221847,6.474709057
United States,USA,NA,2015,6.64748689,2.7111824,5.047865948,3.789939988,6.145310297,6.268021105,6.229829146,5.276720038,4.795953919,6.491406166
United States,USA,NA,2016,6.656044554,2.705875664,5.065904048,3.800974281,6.169424346,6.266122211,6.246630358,5.294524256,4.813114212,6.512830013
United States,USA,NA,2017,6.667457951,2.698860777,5.089415313,3.81574757,6.201450525,6.266543744,6.266791414,5.325072967,4.835610409,6.543941551
Uruguay,URY,SA,1990,4.374477496,1.522633279,3.399074135,4.041570564,4.107502183,3.551547396,4.18890544,4.409751872,3.298193584,4.173799764
Uruguay,URY,SA,1991,4.343175865,1.526630646,3.400667903,4.062532111,4.081638489,3.542643798,4.158364786,4.410605367,3.293987362,4.159708142
Uruguay,URY,SA,1992,4.328290299,1.533592222,3.407548117,4.083024188,4.059293992,3.544544977,4.144952594,4.417648605,3.294899487,4.152701777
Uruguay,URY,SA,1993,4.315856035,1.538213686,3.414073685,4.100003108,4.049970528,3.546978466,4.12640748,4.423040171,3.296073879,4.148486054
Uruguay,URY,SA,1994,4.322992334,1.542840492,3.42300176,4.118236833,4.047933089,3.551650508,4.114460733,4.430123757,3.300925584,4.151775136
Uruguay,URY,SA,1995,4.332872959,1.547178265,3.432381856,4.130409517,4.047135837,3.557469357,4.125025015,4.439951349,3.307213192,4.15899523
Uruguay,URY,SA,1996,4.361675186,1.550916446,3.448696975,4.146867213,4.062650802,3.572326393,4.137680686,4.456247354,3.320422297,4.177444013
Uruguay,URY,SA,1997,4.409837499,1.558853841,3.472045856,4.160766343,4.083148787,3.593007872,4.175371015,4.475382454,3.341016103,4.20893711
Uruguay,URY,SA,1998,4.462114726,1.563176938,3.500840377,4.172727358,4.111821894,3.626369072,4.219947739,4.505861425,3.366075215,4.245645024
Uruguay,URY,SA,1999,4.519876134,1.567251784,3.52899807,4.183136962,4.148792532,3.658610895,4.261364438,4.530696745,3.389669161,4.28099618
Uruguay,URY,SA,2000,4.567965361,1.568539881,3.553137835,4.192801503,4.172599973,3.676059238,4.288389076,4.549674425,3.408121287,4.308877858
Uruguay,URY,SA,2001,4.608014629,1.567242929,3.574457901,4.203358617,4.181558953,3.692114039,4.317160405,4.563081684,3.422749907,4.332167826
Uruguay,URY,SA,2002,4.647966479,1.566087743,3.595129281,4.207770663,4.193326822,3.70534292,4.336231111,4.575824497,3.436706073,4.354901177
Uruguay,URY,SA,2003,4.690700643,1.562841167,3.61692777,4.208506777,4.212301024,3.714883757,4.359560505,4.58913205,3.450324334,4.377355264
Uruguay,URY,SA,2004,4.722573304,1.563428985,3.639707809,4.213214991,4.23062729,3.736121664,4.386617695,4.598143216,3.463540643,4.398948911
Uruguay,URY,SA,2005,4.751805224,1.563679216,3.661530816,4.213809423,4.252063177,3.74729197,4.406143209,4.607484024,3.475188981,4.416638263
Uruguay,URY,SA,2006,4.773797118,1.561591058,3.681898905,4.222905094,4.266468547,3.759190835,4.423553335,4.617301916,3.484572034,4.428817826
Uruguay,URY,SA,2007,4.788668986,1.565722157,3.702527905,4.237124,4.279517822,3.768338186,4.435087447,4.625269186,3.494910986,4.439975536
Uruguay,URY,SA,2008,4.807881813,1.567347783,3.723283744,4.249448346,4.284874211,3.777729299,4.450395327,4.637314474,3.505361058,4.450218186
Uruguay,URY,SA,2009,4.822586018,1.571038034,3.743241688,4.263517704,4.304910944,3.783443219,4.459704948,4.646280514,3.514906264,4.459467853
Uruguay,URY,SA,2010,4.828266286,1.569792439,3.761329728,4.269867613,4.310657289,3.797716944,4.473103601,4.65437598,3.522625776,4.468060466
Uruguay,URY,SA,2011,4.847072818,1.569527808,3.779353178,4.269599058,4.327293138,3.801124515,4.487057426,4.65911237,3.531081358,4.479522421
Uruguay,URY,SA,2012,4.869686138,1.570715267,3.799397127,4.269198977,4.344947593,3.812825486,4.507154502,4.665872299,3.54272419,4.49607744
Uruguay,URY,SA,2013,4.89447142,1.569613375,3.819454584,4.268768828,4.364595495,3.835217052,4.542566687,4.668133367,3.555893642,4.5183252
Uruguay,URY,SA,2014,4.933941718,1.576728718,3.839821327,4.268917821,4.390327548,3.845076686,4.567884047,4.67497027,3.570160394,4.540681688
Uruguay,URY,SA,2015,4.9725087,1.573788598,3.859991351,4.26412559,4.407430268,3.866389039,4.601839598,4.6816292,3.585182998,4.567043003
Uruguay,URY,SA,2016,5.013887262,1.574040231,3.879169114,4.256735417,4.43745476,3.874789823,4.632154184,4.684136695,3.600302571,4.595562185
Uruguay,URY,SA,2017,5.068895022,1.573925363,3.899796128,4.246139788,4.462371975,3.896684737,4.668090729,4.688013691,3.617573732,4.627591236
World,OWID_WRL,WLD,1990,3.794660037,1.158937807,3.255409939,6.342239702,4.211697588,2.843712822,4.000391046,6.012109085,3.541655522,4.055444655
World,OWID_WRL,WLD,1991,3.790325434,1.155880513,3.270117307,6.362330571,4.212519431,2.836869978,3.987833311,6.040448409,3.545952744,4.058637751
World,OWID_WRL,WLD,1992,3.782940537,1.153695584,3.284662296,6.378247127,4.208409651,2.833066157,3.972226795,6.067884729,3.549090489,4.061209583
World,OWID_WRL,WLD,1993,3.775428445,1.150876219,3.298862409,6.392593631,4.198289563,2.83108209,3.954747333,6.091241565,3.550657305,4.062813296
World,OWID_WRL,WLD,1994,3.76596385,1.147830492,3.312736775,6.402276837,4.183168639,2.830305051,3.938065931,6.109719611,3.550851804,4.0641263
World,OWID_WRL,WLD,1995,3.754020741,1.145100014,3.324880879,6.404768531,4.163695245,2.829370928,3.921267236,6.1232045,3.548757178,4.062830193
World,OWID_WRL,WLD,1996,3.736846402,1.144756912,3.337396182,6.401995577,4.138913295,2.832314221,3.903734092,6.131601659,3.545770896,4.059851774
World,OWID_WRL,WLD,1997,3.716948893,1.149288285,3.351043584,6.397292974,4.11089934,2.837849322,3.88070405,6.134075558,3.542639156,4.054235175
World,OWID_WRL,WLD,1998,3.69785897,1.156254554,3.365319472,6.390834613,4.08331052,2.842641129,3.856924128,6.134087991,3.539294565,4.048347102
World,OWID_WRL,WLD,1999,3.680785473,1.163828326,3.3808936,6.387491129,4.060725822,2.842841064,3.836374861,6.132808009,3.536604452,4.04171029
World,OWID_WRL,WLD,2000,3.66943926,1.169577656,3.396773828,6.383116399,4.047233847,2.835591254,3.823883584,6.13251389,3.533868547,4.036618604
World,OWID_WRL,WLD,2001,3.662645444,1.174618713,3.414677649,6.378654867,4.041974539,2.822644764,3.817670086,6.135167799,3.532534456,4.030692947
World,OWID_WRL,WLD,2002,3.655873014,1.182500069,3.434284552,6.372309522,4.039432346,2.810065593,3.815703497,6.138786139,3.532171703,4.02561
World,OWID_WRL,WLD,2003,3.646656029,1.189922097,3.454094343,6.365962246,4.038644076,2.801481566,3.817894764,6.140094112,3.53222074,4.021866035
World,OWID_WRL,WLD,2004,3.633110989,1.196639905,3.473556363,6.363731306,4.037647961,2.796081413,3.819588549,6.142031951,3.532197376,4.018386642
World,OWID_WRL,WLD,2005,3.615385262,1.200806525,3.490741536,6.362130496,4.035936088,2.793451925,3.819969647,6.139053528,3.530433742,4.014676769
World,OWID_WRL,WLD,2006,3.582912121,1.203893546,3.498926744,6.363497693,4.018917873,2.789768038,3.806149629,6.127838186,3.520342942,3.999611043
World,OWID_WRL,WLD,2007,3.534564901,1.205867079,3.495695749,6.366185482,3.983612504,2.785835955,3.772265345,6.102151905,3.499569311,3.97014642
World,OWID_WRL,WLD,2008,3.485574217,1.207946134,3.487769746,6.366826038,3.941613812,2.780029941,3.729686116,6.07185863,3.475209995,3.936168662
World,OWID_WRL,WLD,2009,3.44818429,1.209797996,3.482866932,6.365792394,3.905502231,2.774668823,3.688179295,6.047890504,3.454304409,3.907736986
World,OWID_WRL,WLD,2010,3.429822559,1.211520391,3.488502189,6.362952648,3.890004843,2.77364632,3.662688817,6.036924839,3.444113796,3.896392482
World,OWID_WRL,WLD,2011,3.429092593,1.213782124,3.502373607,6.356552336,3.891591022,2.776134464,3.646648733,6.039056612,3.442547651,3.897723359
World,OWID_WRL,WLD,2012,3.433839049,1.217105645,3.51590716,6.346536021,3.892710017,2.778374832,3.630027846,6.039464346,3.441271394,3.899425612
World,OWID_WRL,WLD,2013,3.439359761,1.220807213,3.52905289,6.329928298,3.893041207,2.781451256,3.617379559,6.039225974,3.440182307,3.900645341
World,OWID_WRL,WLD,2014,3.44523084,1.225059052,3.543017628,6.308657212,3.892075604,2.784673594,3.611647413,6.03837787,3.439697573,3.902563935
World,OWID_WRL,WLD,2015,3.45141648,1.229714095,3.557923209,6.287040945,3.888668388,2.789749073,3.611414869,6.03401251,3.43923783,3.905388059
World,OWID_WRL,WLD,2016,3.45801685,1.235266289,3.573048236,6.266922925,3.883849989,2.795607505,3.618539581,6.027315718,3.439674509,3.90991079
World,OWID_WRL,WLD,2017,3.465851873,1.241765122,3.588507021,6.235597872,3.879593253,2.802404233,3.632191926,6.021133046,3.44108734,3.916812725