Entity,Code,Continent Code,Year,Prevalence in males (%),Prevalence in females (%),Population
Argentina,ARG,SA,1990,2.556001097,4.506232711,32619000
Argentina,ARG,SA,1991,2.56992033,4.511358696,33079000
Argentina,ARG,SA,1992,2.581184709,4.51856376,33529000
Argentina,ARG,SA,1993,2.593766434,4.522171242,33970000
Argentina,ARG,SA,1994,2.605984658,4.528287191,34403000
Argentina,ARG,SA,1995,2.617062664,4.534625461,34828000
Argentina,ARG,SA,1996,2.629909604,4.542759306,35246000
Argentina,ARG,SA,1997,2.646286178,4.546216645,35657000
Argentina,ARG,SA,1998,2.65853317,4.548508681,36063000
Argentina,ARG,SA,1999,2.671349074,4.553914749,36467000
Argentina,ARG,SA,2000,2.680214934,4.556519348,36871000
Argentina,ARG,SA,2001,2.684920644,4.555894226,37276000
Argentina,ARG,SA,2002,2.687880707,4.554172882,37682000
Argentina,ARG,SA,2003,2.691358618,4.550222593,38088000
Argentina,ARG,SA,2004,2.692182808,4.548026356,38492000
Argentina,ARG,SA,2005,2.692027264,4.546235704,38893000
Argentina,ARG,SA,2006,2.691601918,4.54257348,39290000
Argentina,ARG,SA,2007,2.689624451,4.541579183,39684000
Argentina,ARG,SA,2008,2.689680264,4.538107797,40080000
Argentina,ARG,SA,2009,2.688059901,4.535165541,40483000
Argentina,ARG,SA,2010,2.689928399,4.534163978,40896000
Argentina,ARG,SA,2011,2.690574428,4.532848484,41320000
Argentina,ARG,SA,2012,2.692730299,4.532648812,41755000
Argentina,ARG,SA,2013,2.697053416,4.533971966,42196000
Argentina,ARG,SA,2014,2.698193402,4.539288314,42638000
Argentina,ARG,SA,2015,2.701201721,4.543529111,43075000
Argentina,ARG,SA,2016,2.703438511,4.548820135,43508000
Argentina,ARG,SA,2017,2.706938061,4.554033177,43937000
Australia,AUS,AUS,1990,3.74227775,5.476558834,16961000
Australia,AUS,AUS,1991,3.765658392,5.552784516,17189000
Australia,AUS,AUS,1992,3.784806893,5.618648228,17402000
Australia,AUS,AUS,1993,3.80145301,5.678346562,17603000
Australia,AUS,AUS,1994,3.813514659,5.723659986,17799000
Australia,AUS,AUS,1995,3.823569156,5.752619745,17993000
Australia,AUS,AUS,1996,3.82094371,5.767829053,18189000
Australia,AUS,AUS,1997,3.807234129,5.780354921,18387000
Australia,AUS,AUS,1998,3.781576154,5.78588219,18587000
Australia,AUS,AUS,1999,3.762943665,5.794658402,18788000
Australia,AUS,AUS,2000,3.758829408,5.810642885,18991000
Australia,AUS,AUS,2001,3.768145101,5.841848209,19195000
Australia,AUS,AUS,2002,3.783166287,5.888174256,19401000
Australia,AUS,AUS,2003,3.803474791,5.943357775,19624000
Australia,AUS,AUS,2004,3.82004004,5.982915134,19880000
Australia,AUS,AUS,2005,3.822803605,5.997197891,20179000
Australia,AUS,AUS,2006,3.817662727,5.991571887,20526000
Australia,AUS,AUS,2007,3.803760112,5.972280913,20916000
Australia,AUS,AUS,2008,3.785996235,5.941450214,21332000
Australia,AUS,AUS,2009,3.769477039,5.909343666,21751000
Australia,AUS,AUS,2010,3.755685277,5.875989742,22155000
Australia,AUS,AUS,2011,3.742855552,5.847976316,22538000
Australia,AUS,AUS,2012,3.730565204,5.813745521,22904000
Australia,AUS,AUS,2013,3.714270454,5.77021119,23255000
Australia,AUS,AUS,2014,3.699007015,5.729471422,23596000
Australia,AUS,AUS,2015,3.680655903,5.680598582,23932000
Australia,AUS,AUS,2016,3.662086023,5.626904219,24263000
Australia,AUS,AUS,2017,3.644141804,5.574692878,24585000
Brazil,BRA,SA,1990,2.476946451,4.521568704,149003008
Brazil,BRA,SA,1991,2.468167068,4.517013936,151648000
Brazil,BRA,SA,1992,2.4643338,4.520060476,154259008
Brazil,BRA,SA,1993,2.464947359,4.528318112,156848992
Brazil,BRA,SA,1994,2.467674063,4.53892033,159432992
Brazil,BRA,SA,1995,2.471956496,4.550795302,162020000
Brazil,BRA,SA,1996,2.512901153,4.627354614,164615008
Brazil,BRA,SA,1997,2.60494819,4.796839684,167208992
Brazil,BRA,SA,1998,2.712700757,4.998743886,169784992
Brazil,BRA,SA,1999,2.80375916,5.170671315,172319008
Brazil,BRA,SA,2000,2.843977483,5.255686179,174790000
Brazil,BRA,SA,2001,2.843670839,5.274025646,177196000
Brazil,BRA,SA,2002,2.838074942,5.287806509,179538000
Brazil,BRA,SA,2003,2.827539827,5.295716138,181808992
Brazil,BRA,SA,2004,2.814592921,5.295101065,184006000
Brazil,BRA,SA,2005,2.799624735,5.285677817,186127008
Brazil,BRA,SA,2006,2.762686382,5.197552897,188167008
Brazil,BRA,SA,2007,2.695546425,5.004977175,190130000
Brazil,BRA,SA,2008,2.61595451,4.769868364,192030000
Brazil,BRA,SA,2009,2.54095907,4.554818487,193887008
Brazil,BRA,SA,2010,2.489377708,4.426284362,195714000
Brazil,BRA,SA,2011,2.456974269,4.364319871,197515008
Brazil,BRA,SA,2012,2.428419188,4.310780615,199287008
Brazil,BRA,SA,2013,2.40337687,4.264354004,201036000
Brazil,BRA,SA,2014,2.382789526,4.225924878,202764000
Brazil,BRA,SA,2015,2.367937594,4.196308021,204472000
Brazil,BRA,SA,2016,2.358922874,4.176368551,206163008
Brazil,BRA,SA,2017,2.356018986,4.165256919,207834000
Canada,CAN,NA,1990,3.103700497,5.023144351,27541000
Canada,CAN,NA,1991,3.101875315,5.040463599,27889000
Canada,CAN,NA,1992,3.101644452,5.056898751,28224000
Canada,CAN,NA,1993,3.099727529,5.070163001,28548000
Canada,CAN,NA,1994,3.097706479,5.082654528,28861000
Canada,CAN,NA,1995,3.09578046,5.089728253,29164000
Canada,CAN,NA,1996,3.096798694,5.094785164,29458000
Canada,CAN,NA,1997,3.100588589,5.098862236,29742000
Canada,CAN,NA,1998,3.101985082,5.103519807,30022000
Canada,CAN,NA,1999,3.103389557,5.105406615,30303000
Canada,CAN,NA,2000,3.099519506,5.103061376,30588000
Canada,CAN,NA,2001,3.0837777,5.089179955,30880000
Canada,CAN,NA,2002,3.050900335,5.05925453,31178000
Canada,CAN,NA,2003,3.011215069,5.021731939,31488000
Canada,CAN,NA,2004,2.975933234,4.987075765,31815000
Canada,CAN,NA,2005,2.955461974,4.959615376,32164000
Canada,CAN,NA,2006,2.946221781,4.934390559,32537000
Canada,CAN,NA,2007,2.935383057,4.904393674,32931000
Canada,CAN,NA,2008,2.929514579,4.877387402,33338000
Canada,CAN,NA,2009,2.923429978,4.856234987,33746000
Canada,CAN,NA,2010,2.920069426,4.848028266,34148000
Canada,CAN,NA,2011,2.923002015,4.850238832,34539000
Canada,CAN,NA,2012,2.926510309,4.858484643,34922000
Canada,CAN,NA,2013,2.931590165,4.868581375,35297000
Canada,CAN,NA,2014,2.939594133,4.880869537,35664000
Canada,CAN,NA,2015,2.949637918,4.898683929,36027000
Canada,CAN,NA,2016,2.961825836,4.923069961,36383000
Canada,CAN,NA,2017,2.975915639,4.952408996,36732000
China,CHN,AS,1990,2.674115563,4.492063994,1176883968
China,CHN,AS,1991,2.682024688,4.480158538,1192897024
China,CHN,AS,1992,2.688791541,4.465578702,1206711040
China,CHN,AS,1993,2.692818645,4.44755052,1218817024
China,CHN,AS,1994,2.6939384,4.42530628,1230019968
China,CHN,AS,1995,2.690592147,4.398926872,1240920960
China,CHN,AS,1996,2.683915133,4.364357986,1251635968
China,CHN,AS,1997,2.676319545,4.323882433,1261996032
China,CHN,AS,1998,2.668095688,4.281141617,1271981952
China,CHN,AS,1999,2.659308689,4.242958654,1281515008
China,CHN,AS,2000,2.651610043,4.213181695,1290551040
China,CHN,AS,2001,2.645426526,4.191366219,1299129984
China,CHN,AS,2002,2.640659551,4.172985172,1307352064
China,CHN,AS,2003,2.63671558,4.157353186,1315303936
China,CHN,AS,2004,2.633850758,4.144473285,1323085056
China,CHN,AS,2005,2.629813063,4.133132824,1330776064
China,CHN,AS,2006,2.628124845,4.132028518,1338408960
China,CHN,AS,2007,2.631540234,4.142249671,1345993984
China,CHN,AS,2008,2.636178,4.157179131,1353569024
China,CHN,AS,2009,2.639378159,4.167769563,1361169024
China,CHN,AS,2010,2.637643767,4.168020737,1368811008
China,CHN,AS,2011,2.632503308,4.159071608,1376498048
China,CHN,AS,2012,2.625282914,4.147386247,1384205952
China,CHN,AS,2013,2.616567354,4.132808069,1391883008
China,CHN,AS,2014,2.606392012,4.114914461,1399453952
China,CHN,AS,2015,2.594380977,4.094377556,1406848000
China,CHN,AS,2016,2.581093834,4.069916583,1414049024
China,CHN,AS,2017,2.565868115,4.042118138,1421021952
France,FRA,EU,1990,3.188703534,5.90663657,56667000
France,FRA,EU,1991,3.177266816,5.848285982,56914000
France,FRA,EU,1992,3.169297504,5.795160782,57147000
France,FRA,EU,1993,3.160782613,5.754306169,57370000
France,FRA,EU,1994,3.158120991,5.723629821,57587000
France,FRA,EU,1995,3.156107924,5.711078822,57802000
France,FRA,EU,1996,3.14805199,5.702425378,58012000
France,FRA,EU,1997,3.136205925,5.684896424,58221000
France,FRA,EU,1998,3.11740258,5.66436871,58444000
France,FRA,EU,1999,3.107965551,5.645674912,58704000
France,FRA,EU,2000,3.100406266,5.633173443,59015000
France,FRA,EU,2001,3.091672215,5.599609684,59384000
France,FRA,EU,2002,3.075199999,5.536316856,59803000
France,FRA,EU,2003,3.056700437,5.458636923,60252000
France,FRA,EU,2004,3.039701617,5.38595705,60698000
France,FRA,EU,2005,3.025533433,5.341595278,61120000
France,FRA,EU,2006,3.025260666,5.343033424,61509000
France,FRA,EU,2007,3.043677306,5.386964213,61869000
France,FRA,EU,2008,3.069361988,5.447758615,62209000
France,FRA,EU,2009,3.08565184,5.498413068,62543000
France,FRA,EU,2010,3.092856994,5.517649061,62880000
France,FRA,EU,2011,3.090652792,5.510979077,63222000
France,FRA,EU,2012,3.085585356,5.502362014,63564000
France,FRA,EU,2013,3.083314814,5.485014214,63894000
France,FRA,EU,2014,3.077207644,5.467246414,64194000
France,FRA,EU,2015,3.073343126,5.438825085,64453000
France,FRA,EU,2016,3.068496317,5.40413314,64668000
France,FRA,EU,2017,3.06351022,5.363917031,64843000
Germany,DEU,EU,1990,2.841100265,4.965476875,79054000
Germany,DEU,EU,1991,2.83883757,4.955635568,79491000
Germany,DEU,EU,1992,2.840000741,4.944266572,79963000
Germany,DEU,EU,1993,2.839657806,4.929485701,80429000
Germany,DEU,EU,1994,2.840171228,4.910280842,80833000
Germany,DEU,EU,1995,2.838995289,4.893882955,81139000
Germany,DEU,EU,1996,2.840913212,4.86153421,81324000
Germany,DEU,EU,1997,2.843572182,4.809882949,81399000
Germany,DEU,EU,1998,2.84561722,4.750852936,81403000
Germany,DEU,EU,1999,2.84691594,4.706324807,81390000
Germany,DEU,EU,2000,2.850401957,4.687513063,81401000
Germany,DEU,EU,2001,2.857139755,4.708123686,81454000
Germany,DEU,EU,2002,2.871652195,4.761662861,81535000
Germany,DEU,EU,2003,2.884063474,4.82432529,81614000
Germany,DEU,EU,2004,2.897721518,4.879082021,81646000
Germany,DEU,EU,2005,2.904383474,4.903305712,81603000
Germany,DEU,EU,2006,2.904616467,4.905740256,81472000
Germany,DEU,EU,2007,2.903603634,4.904486852,81278000
Germany,DEU,EU,2008,2.903384158,4.901011957,81066000
Germany,DEU,EU,2009,2.90004133,4.900614298,80900000
Germany,DEU,EU,2010,2.898650191,4.900663651,80827000
Germany,DEU,EU,2011,2.896239195,4.902157046,80856000
Germany,DEU,EU,2012,2.894052678,4.908666114,80973000
Germany,DEU,EU,2013,2.890735849,4.919662137,81174000
Germany,DEU,EU,2014,2.888164144,4.935900962,81450000
Germany,DEU,EU,2015,2.8860863,4.953053986,81787000
Germany,DEU,EU,2016,2.883630096,4.973794493,82194000
Germany,DEU,EU,2017,2.880010213,4.998286789,82658000
India,IND,AS,1990,3.007439606,4.56547026,873278016
India,IND,AS,1991,3.030485599,4.634254604,891273024
India,IND,AS,1992,3.052155264,4.693310998,909307008
India,IND,AS,1993,3.072918707,4.737982823,927404032
India,IND,AS,1994,3.091072365,4.767779941,945601984
India,IND,AS,1995,3.105184224,4.780233971,963923008
India,IND,AS,1996,3.118925827,4.772526178,982364992
India,IND,AS,1997,3.134387073,4.751875994,1000899968
India,IND,AS,1998,3.151059854,4.725639465,1019484032
India,IND,AS,1999,3.167195247,4.701501624,1038057984
India,IND,AS,2000,3.182113549,4.687953395,1056576000
India,IND,AS,2001,3.199595161,4.690466626,1075000064
India,IND,AS,2002,3.22218771,4.70459768,1093316992
India,IND,AS,2003,3.244056812,4.721316134,1111522944
India,IND,AS,2004,3.260146356,4.732630588,1129623040
India,IND,AS,2005,3.265311581,4.730904439,1147609984
India,IND,AS,2006,3.230866157,4.661144862,1165485952
India,IND,AS,2007,3.153321305,4.509794194,1183208960
India,IND,AS,2008,3.060967082,4.331589962,1200669952
India,IND,AS,2009,2.982061384,4.180130478,1217725952
India,IND,AS,2010,2.946468521,4.110304309,1234280960
India,IND,AS,2011,2.942946062,4.100738128,1250288000
India,IND,AS,2012,2.941041711,4.092513369,1265779968
India,IND,AS,2013,2.940489594,4.086264848,1280841984
India,IND,AS,2014,2.942346004,4.0828384,1295601024
India,IND,AS,2015,2.946832587,4.082534251,1310151936
India,IND,AS,2016,2.954404246,4.085098637,1324516992
India,IND,AS,2017,2.965417942,4.091874792,1338676992
Japan,JPN,AS,1990,2.341469661,3.727660974,124505000
Japan,JPN,AS,1991,2.35010563,3.723662462,124930000
Japan,JPN,AS,1992,2.357569191,3.718400678,125331000
Japan,JPN,AS,1993,2.364623904,3.713033809,125707000
Japan,JPN,AS,1994,2.370359567,3.705961164,126053000
Japan,JPN,AS,1995,2.375400114,3.698777057,126365000
Japan,JPN,AS,1996,2.374610177,3.682036739,126644000
Japan,JPN,AS,1997,2.365127132,3.653838582,126893000
Japan,JPN,AS,1998,2.353724231,3.623332292,127117000
Japan,JPN,AS,1999,2.345305561,3.599586545,127326000
Japan,JPN,AS,2000,2.344813714,3.59276198,127524000
Japan,JPN,AS,2001,2.355154598,3.604407262,127714000
Japan,JPN,AS,2002,2.369731117,3.625562423,127893000
Japan,JPN,AS,2003,2.386191405,3.650732864,128058000
Japan,JPN,AS,2004,2.401471863,3.675071217,128204000
Japan,JPN,AS,2005,2.413698864,3.69351138,128326000
Japan,JPN,AS,2006,2.422724874,3.707076193,128423000
Japan,JPN,AS,2007,2.43192614,3.720497736,128494000
Japan,JPN,AS,2008,2.440565947,3.734053279,128539000
Japan,JPN,AS,2009,2.450180685,3.748191078,128555000
Japan,JPN,AS,2010,2.46023032,3.764854342,128542000
Japan,JPN,AS,2011,2.472728751,3.78595213,128499000
Japan,JPN,AS,2012,2.489840459,3.814709103,128424000
Japan,JPN,AS,2013,2.510784419,3.848612588,128314000
Japan,JPN,AS,2014,2.535152327,3.888397475,128169000
Japan,JPN,AS,2015,2.56263203,3.932036203,127985000
Japan,JPN,AS,2016,2.592267142,3.98020084,127763000
Japan,JPN,AS,2017,2.623792717,4.030941114,127503000
Kenya,KEN,AF,1990,3.03235706,4.220890469,23725000
Kenya,KEN,AF,1991,3.027681292,4.213442152,24522000
Kenya,KEN,AF,1992,3.024463771,4.208698945,25326000
Kenya,KEN,AF,1993,3.022680524,4.206760399,26136000
Kenya,KEN,AF,1994,3.021661071,4.206156045,26951000
Kenya,KEN,AF,1995,3.021465656,4.208535382,27768000
Kenya,KEN,AF,1996,3.028221136,4.220021238,28589000
Kenya,KEN,AF,1997,3.042147559,4.243881575,29416000
Kenya,KEN,AF,1998,3.058553968,4.271749885,30250000
Kenya,KEN,AF,1999,3.07165987,4.294359725,31099000
Kenya,KEN,AF,2000,3.07704433,4.303750872,31965000
Kenya,KEN,AF,2001,3.076477759,4.301605218,32849000
Kenya,KEN,AF,2002,3.075229525,4.295117935,33752000
Kenya,KEN,AF,2003,3.073776644,4.285449752,34679000
Kenya,KEN,AF,2004,3.071563017,4.272840199,35635000
Kenya,KEN,AF,2005,3.067971199,4.257684309,36625000
Kenya,KEN,AF,2006,3.059992046,4.232092762,37649000
Kenya,KEN,AF,2007,3.046828878,4.191667512,38706000
Kenya,KEN,AF,2008,3.031563757,4.146323135,39792000
Kenya,KEN,AF,2009,3.017853289,4.104998744,40902000
Kenya,KEN,AF,2010,3.007959258,4.076842824,42031000
Kenya,KEN,AF,2011,3.001960542,4.059259878,43178000
Kenya,KEN,AF,2012,2.996057084,4.043202848,44343000
Kenya,KEN,AF,2013,2.990850678,4.029066325,45520000
Kenya,KEN,AF,2014,2.987037827,4.016801396,46700000
Kenya,KEN,AF,2015,2.984046653,4.007124022,47878000
Kenya,KEN,AF,2016,2.982381594,4.000777479,49052000
Kenya,KEN,AF,2017,2.982420688,3.997118325,50221000
Mexico,MEX,NA,1990,2.129559845,3.108157061,83943000
Mexico,MEX,NA,1991,2.126300656,3.145133945,85513000
Mexico,MEX,NA,1992,2.123848481,3.179694716,87075000
Mexico,MEX,NA,1993,2.12327808,3.209564777,88625000
Mexico,MEX,NA,1994,2.124594237,3.232322949,90156000
Mexico,MEX,NA,1995,2.127169447,3.245700845,91663000
Mexico,MEX,NA,1996,2.130717756,3.256010917,93147000
Mexico,MEX,NA,1997,2.13551168,3.26940448,94611000
Mexico,MEX,NA,1998,2.140655268,3.283736153,96056000
Mexico,MEX,NA,1999,2.146702398,3.296057184,97485000
Mexico,MEX,NA,2000,2.152864536,3.305051491,98900000
Mexico,MEX,NA,2001,2.160759297,3.311609264,100298000
Mexico,MEX,NA,2002,2.171259592,3.318152061,101685000
Mexico,MEX,NA,2003,2.182739182,3.32351946,103081000
Mexico,MEX,NA,2004,2.192537303,3.327447627,104515000
Mexico,MEX,NA,2005,2.20002657,3.329582903,106005000
Mexico,MEX,NA,2006,2.20454709,3.322616146,107560000
Mexico,MEX,NA,2007,2.208902441,3.305825081,109171000
Mexico,MEX,NA,2008,2.213033724,3.284333295,110815000
Mexico,MEX,NA,2009,2.216615976,3.262859718,112464000
Mexico,MEX,NA,2010,2.220445029,3.24857679,114093000
Mexico,MEX,NA,2011,2.225002986,3.240677341,115695000
Mexico,MEX,NA,2012,2.232406418,3.234650341,117274000
Mexico,MEX,NA,2013,2.24210118,3.230976476,118827000
Mexico,MEX,NA,2014,2.253495677,3.22905976,120355000
Mexico,MEX,NA,2015,2.266894339,3.228876709,121858000
Mexico,MEX,NA,2016,2.281259835,3.231049534,123333000
Mexico,MEX,NA,2017,2.297117874,3.234090077,124777000
Nigeria,NGA,AF,1990,3.072292899,4.923923863,95212000
Nigeria,NGA,AF,1991,3.055807698,4.899849316,97668000
Nigeria,NGA,AF,1992,3.045428583,4.885137555,100162000
Nigeria,NGA,AF,1993,3.039571315,4.875302303,102701000
Nigeria,NGA,AF,1994,3.035646916,4.873659704,105294000
Nigeria,NGA,AF,1995,3.035930772,4.873071309,107948000
Nigeria,NGA,AF,1996,3.050417181,4.899547169,110669000
Nigeria,NGA,AF,1997,3.085541244,4.961686287,113458000
Nigeria,NGA,AF,1998,3.128651577,5.035816927,116320000
Nigeria,NGA,AF,1999,3.166689291,5.098024001,119260000
Nigeria,NGA,AF,2000,3.18643342,5.12249455,122284000
Nigeria,NGA,AF,2001,3.188157511,5.113985454,125394000
Nigeria,NGA,AF,2002,3.178396136,5.093429263,128596000
Nigeria,NGA,AF,2003,3.167328557,5.064257331,131901000
Nigeria,NGA,AF,2004,3.159275759,5.039530894,135320000
Nigeria,NGA,AF,2005,3.15811363,5.031763694,138864992
Nigeria,NGA,AF,2006,3.172952198,5.047225228,142538000
Nigeria,NGA,AF,2007,3.200792689,5.084309728,146340000
Nigeria,NGA,AF,2008,3.233129563,5.122946434,150270000
Nigeria,NGA,AF,2009,3.257284954,5.160334163,154324992
Nigeria,NGA,AF,2010,3.269884181,5.17561876,158503008
Nigeria,NGA,AF,2011,3.263824728,5.16675992,162804992
Nigeria,NGA,AF,2012,3.251557947,5.136456347,167228992
Nigeria,NGA,AF,2013,3.224971568,5.086596527,171766000
Nigeria,NGA,AF,2014,3.191112551,5.019065218,176404992
Nigeria,NGA,AF,2015,3.145144195,4.931939358,181136992
Nigeria,NGA,AF,2016,3.091417808,4.834135418,185960000
Nigeria,NGA,AF,2017,3.028575629,4.720317628,190872992
Philippines,PHL,AS,1990,2.560468979,3.329998652,61895000
Philippines,PHL,AS,1991,2.54391723,3.323422416,63455000
Philippines,PHL,AS,1992,2.526255694,3.318459107,65020000
Philippines,PHL,AS,1993,2.504733718,3.311837822,66594000
Philippines,PHL,AS,1994,2.483549413,3.302530987,68181000
Philippines,PHL,AS,1995,2.461964077,3.295198213,69784000
Philippines,PHL,AS,1996,2.431313789,3.27965046,71402000
Philippines,PHL,AS,1997,2.389917812,3.255018674,73031000
Philippines,PHL,AS,1998,2.345898776,3.229328371,74672000
Philippines,PHL,AS,1999,2.307274504,3.206704274,76326000
Philippines,PHL,AS,2000,2.283139044,3.192236711,77992000
Philippines,PHL,AS,2001,2.265496524,3.184893783,79673000
Philippines,PHL,AS,2002,2.251861902,3.177973419,81365000
Philippines,PHL,AS,2003,2.241901197,3.174722855,83052000
Philippines,PHL,AS,2004,2.234951845,3.172111041,84711000
Philippines,PHL,AS,2005,2.233226278,3.169494318,86326000
Philippines,PHL,AS,2006,2.2340848,3.171160842,87889000
Philippines,PHL,AS,2007,2.237998334,3.17219364,89405000
Philippines,PHL,AS,2008,2.24370239,3.17397485,90902000
Philippines,PHL,AS,2009,2.248064375,3.175702315,92414000
Philippines,PHL,AS,2010,2.251834948,3.176614244,93967000
Philippines,PHL,AS,2011,2.256169475,3.179021304,95570000
Philippines,PHL,AS,2012,2.261846908,3.181129242,97213000
Philippines,PHL,AS,2013,2.267781852,3.18469368,98872000
Philippines,PHL,AS,2014,2.274496735,3.189882097,100513000
Philippines,PHL,AS,2015,2.280018655,3.196264268,102113000
Philippines,PHL,AS,2016,2.287846037,3.201730284,103664000
Philippines,PHL,AS,2017,2.29634499,3.211504648,105173000
Russia,RUS,AS,1990,2.979096418,4.350678604,147532000
Russia,RUS,AS,1991,3.014940754,4.373556832,147996000
Russia,RUS,AS,1992,3.048390939,4.392862114,148268992
Russia,RUS,AS,1993,3.079372433,4.407526044,148374000
Russia,RUS,AS,1994,3.106214151,4.416961442,148348992
Russia,RUS,AS,1995,3.129381373,4.420904743,148227008
Russia,RUS,AS,1996,3.15219921,4.418683142,148020992
Russia,RUS,AS,1997,3.176133854,4.410521675,147730000
Russia,RUS,AS,1998,3.198156892,4.398518803,147360992
Russia,RUS,AS,1999,3.213479582,4.384980418,146916000
Russia,RUS,AS,2000,3.219810364,4.371549062,146404992
Russia,RUS,AS,2001,3.214246041,4.355867761,145831008
Russia,RUS,AS,2002,3.199570422,4.336089074,145216000
Russia,RUS,AS,2003,3.179573666,4.314039202,144611008
Russia,RUS,AS,2004,3.158099341,4.292240519,144080992
Russia,RUS,AS,2005,3.139080777,4.272803302,143672000
Russia,RUS,AS,2006,3.119836109,4.251368419,143403008
Russia,RUS,AS,2007,3.097982796,4.22654724,143266000
Russia,RUS,AS,2008,3.075801346,4.203096215,143248992
Russia,RUS,AS,2009,3.056491224,4.185565264,143327008
Russia,RUS,AS,2010,3.042230264,4.179427316,143479008
Russia,RUS,AS,2011,3.031717441,4.181629826,143703008
Russia,RUS,AS,2012,3.02216994,4.18579844,143994000
Russia,RUS,AS,2013,3.01340417,4.193313874,144324992
Russia,RUS,AS,2014,3.006735295,4.203327863,144664992
Russia,RUS,AS,2015,3.000177021,4.217511366,144984992
Russia,RUS,AS,2016,2.996343104,4.236048866,145275008
Russia,RUS,AS,2017,2.99347366,4.258869325,145530000
Senegal,SEN,AF,1990,2.812675939,3.829582281,7526000
Senegal,SEN,AF,1991,2.813049404,3.838027845,7756000
Senegal,SEN,AF,1992,2.815779613,3.844511849,7990000
Senegal,SEN,AF,1993,2.813123169,3.84864082,8227000
Senegal,SEN,AF,1994,2.813602508,3.849104742,8461000
Senegal,SEN,AF,1995,2.815192589,3.848665837,8690000
Senegal,SEN,AF,1996,2.810012766,3.840506794,8913000
Senegal,SEN,AF,1997,2.804187805,3.814929408,9131000
Senegal,SEN,AF,1998,2.796966915,3.784234979,9348000
Senegal,SEN,AF,1999,2.789829355,3.759763214,9569000
Senegal,SEN,AF,2000,2.786360927,3.74657396,9798000
Senegal,SEN,AF,2001,2.784526402,3.744823049,10036000
Senegal,SEN,AF,2002,2.784525403,3.743756914,10284000
Senegal,SEN,AF,2003,2.784595696,3.745484655,10541000
Senegal,SEN,AF,2004,2.784038796,3.746354181,10810000
Senegal,SEN,AF,2005,2.782899685,3.747719925,11090000
Senegal,SEN,AF,2006,2.782498038,3.746388803,11382000
Senegal,SEN,AF,2007,2.783314269,3.743561442,11687000
Senegal,SEN,AF,2008,2.785283519,3.742158032,12005000
Senegal,SEN,AF,2009,2.784475683,3.739507914,12335000
Senegal,SEN,AF,2010,2.785465266,3.740395101,12678000
Senegal,SEN,AF,2011,2.787047719,3.747667093,13034000
Senegal,SEN,AF,2012,2.789705126,3.758694026,13402000
Senegal,SEN,AF,2013,2.795138212,3.772476765,13782000
Senegal,SEN,AF,2014,2.802326833,3.795805015,14175000
Senegal,SEN,AF,2015,2.806515826,3.821019288,14578000
Senegal,SEN,AF,2016,2.816395369,3.850426595,14994000
Senegal,SEN,AF,2017,2.825151804,3.881542907,15419000
South Africa,ZAF,AF,1990,3.201735425,4.224216489,36801000
South Africa,ZAF,AF,1991,3.197349887,4.201422219,37719000
South Africa,ZAF,AF,1992,3.193219842,4.180924109,38673000
South Africa,ZAF,AF,1993,3.189285542,4.16423717,39634000
South Africa,ZAF,AF,1994,3.184957443,4.150694437,40564000
South Africa,ZAF,AF,1995,3.181377023,4.142808202,41436000
South Africa,ZAF,AF,1996,3.177515267,4.135974588,42241000
South Africa,ZAF,AF,1997,3.170695195,4.128971951,42987000
South Africa,ZAF,AF,1998,3.164061938,4.121626244,43682000
South Africa,ZAF,AF,1999,3.160588256,4.118378716,44339000
South Africa,ZAF,AF,2000,3.161209082,4.119023022,44968000
South Africa,ZAF,AF,2001,3.171631162,4.127598235,45571000
South Africa,ZAF,AF,2002,3.191882114,4.14405555,46151000
South Africa,ZAF,AF,2003,3.214029291,4.162107392,46719000
South Africa,ZAF,AF,2004,3.232142897,4.176041088,47292000
South Africa,ZAF,AF,2005,3.24061073,4.181462991,47881000
South Africa,ZAF,AF,2006,3.236562315,4.17314827,48489000
South Africa,ZAF,AF,2007,3.222996133,4.156558061,49120000
South Africa,ZAF,AF,2008,3.207477854,4.136113888,49779000
South Africa,ZAF,AF,2009,3.193699041,4.11848587,50477000
South Africa,ZAF,AF,2010,3.188012234,4.109665087,51217000
South Africa,ZAF,AF,2011,3.191504979,4.108117246,52004000
South Africa,ZAF,AF,2012,3.197553083,4.106513289,52833000
South Africa,ZAF,AF,2013,3.20724222,4.105784301,53687000
South Africa,ZAF,AF,2014,3.220332334,4.107152854,54544000
South Africa,ZAF,AF,2015,3.236117295,4.112187716,55386000
South Africa,ZAF,AF,2016,3.255679455,4.119570687,56208000
South Africa,ZAF,AF,2017,3.278504331,4.131053105,57010000
Spain,ESP,EU,1990,2.662152545,4.979683221,39203000
Spain,ESP,EU,1991,2.623616522,4.880225529,39299000
Spain,ESP,EU,1992,2.587254331,4.786126437,39411000
Spain,ESP,EU,1993,2.558441652,4.705403288,39534000
Spain,ESP,EU,1994,2.539419947,4.649570891,39660000
Spain,ESP,EU,1995,2.527657115,4.624970264,39787000
Spain,ESP,EU,1996,2.514417893,4.605877769,39909000
Spain,ESP,EU,1997,2.491809395,4.566021284,40035000
Spain,ESP,EU,1998,2.467162974,4.51959883,40202000
Spain,ESP,EU,1999,2.441927081,4.477606733,40454000
Spain,ESP,EU,2000,2.425512693,4.453127724,40825000
Spain,ESP,EU,2001,2.41059906,4.43490259,41319000
Spain,ESP,EU,2002,2.387600746,4.409714542,41920000
Spain,ESP,EU,2003,2.363502328,4.383708594,42596000
Spain,ESP,EU,2004,2.343621426,4.36185331,43308000
Spain,ESP,EU,2005,2.329368157,4.350589685,44019000
Spain,ESP,EU,2006,2.329941101,4.360577823,44729000
Spain,ESP,EU,2007,2.342971419,4.396865257,45429000
Spain,ESP,EU,2008,2.359974088,4.438720623,46069000
Spain,ESP,EU,2009,2.373449307,4.475029021,46584000
Spain,ESP,EU,2010,2.379539082,4.494169956,46931000
Spain,ESP,EU,2011,2.380983079,4.503335116,47084000
Spain,ESP,EU,2012,2.380661996,4.52180195,47063000
Spain,ESP,EU,2013,2.382424557,4.538949898,46931000
Spain,ESP,EU,2014,2.383993601,4.557461102,46778000
Spain,ESP,EU,2015,2.386841662,4.584160899,46672000
Spain,ESP,EU,2016,2.390794545,4.611220221,46634000
Spain,ESP,EU,2017,2.394718187,4.638084169,46647000
Turkey,TUR,AF,1990,2.976100411,4.575679864,53922000
Turkey,TUR,AF,1991,2.986221356,4.574614714,54841000
Turkey,TUR,AF,1992,2.992901915,4.575048183,55749000
Turkey,TUR,AF,1993,2.994734577,4.575112971,56654000
Turkey,TUR,AF,1994,2.996870554,4.579529272,57564000
Turkey,TUR,AF,1995,2.996699286,4.582652246,58486000
Turkey,TUR,AF,1996,2.988080908,4.601044687,59423000
Turkey,TUR,AF,1997,2.963932283,4.642337496,60373000
Turkey,TUR,AF,1998,2.935334337,4.689971887,61330000
Turkey,TUR,AF,1999,2.910568024,4.739854093,62287000
Turkey,TUR,AF,2000,2.897069394,4.770661504,63240000
Turkey,TUR,AF,2001,2.897887877,4.788067654,64192000
Turkey,TUR,AF,2002,2.902081025,4.802045152,65145000
Turkey,TUR,AF,2003,2.910016559,4.811540594,66089000
Turkey,TUR,AF,2004,2.914130611,4.815312341,67011000
Turkey,TUR,AF,2005,2.913475729,4.809083994,67903000
Turkey,TUR,AF,2006,2.901450874,4.794746336,68757000
Turkey,TUR,AF,2007,2.878191922,4.770380277,69582000
Turkey,TUR,AF,2008,2.850725019,4.738429931,70419000
Turkey,TUR,AF,2009,2.827544695,4.710150852,71321000
Turkey,TUR,AF,2010,2.814039943,4.686501747,72327000
Turkey,TUR,AF,2011,2.810282606,4.671544571,73443000
Turkey,TUR,AF,2012,2.806513922,4.654383483,74651000
Turkey,TUR,AF,2013,2.805211735,4.639103117,75925000
Turkey,TUR,AF,2014,2.803872502,4.624088995,77229000
Turkey,TUR,AF,2015,2.802368652,4.608795297,78529000
Turkey,TUR,AF,2016,2.801839472,4.60048634,79828000
Turkey,TUR,AF,2017,2.804212131,4.592569778,81116000
United Arab Emirates,ARE,AS,1990,2.778727485,3.736829602,1828000
United Arab Emirates,ARE,AS,1991,2.783579448,3.755523469,1937000
United Arab Emirates,ARE,AS,1992,2.785781997,3.771668877,2053000
United Arab Emirates,ARE,AS,1993,2.787590562,3.780871749,2173000
United Arab Emirates,ARE,AS,1994,2.787835276,3.789517691,2294000
United Arab Emirates,ARE,AS,1995,2.788977611,3.793077842,2415000
United Arab Emirates,ARE,AS,1996,2.786208141,3.790141628,2539000
United Arab Emirates,ARE,AS,1997,2.780165161,3.782250787,2671000
United Arab Emirates,ARE,AS,1998,2.769294028,3.767417325,2813000
United Arab Emirates,ARE,AS,1999,2.759194626,3.755012549,2966000
United Arab Emirates,ARE,AS,2000,2.751528653,3.74272854,3134000
United Arab Emirates,ARE,AS,2001,2.743984532,3.730110695,3303000
United Arab Emirates,ARE,AS,2002,2.737636396,3.716990948,3479000
United Arab Emirates,ARE,AS,2003,2.729341316,3.70352681,3712000
United Arab Emirates,ARE,AS,2004,2.722162144,3.687921167,4069000
United Arab Emirates,ARE,AS,2005,2.710795206,3.671956026,4588000
United Arab Emirates,ARE,AS,2006,2.694694689,3.655297966,5300000
United Arab Emirates,ARE,AS,2007,2.674155439,3.632587058,6169000
United Arab Emirates,ARE,AS,2008,2.652912265,3.610129,7089000
United Arab Emirates,ARE,AS,2009,2.635457967,3.591394894,7917000
United Arab Emirates,ARE,AS,2010,2.628981632,3.577526184,8550000
United Arab Emirates,ARE,AS,2011,2.627029414,3.568365723,8947000
United Arab Emirates,ARE,AS,2012,2.625408954,3.559218435,9142000
United Arab Emirates,ARE,AS,2013,2.62500235,3.550466288,9198000
United Arab Emirates,ARE,AS,2014,2.628367941,3.543545022,9214000
United Arab Emirates,ARE,AS,2015,2.632850442,3.540360583,9263000
United Arab Emirates,ARE,AS,2016,2.642667127,3.535916392,9361000
United Arab Emirates,ARE,AS,2017,2.651876678,3.53483563,9487000
United Kingdom,GBR,EU,1990,3.394946225,5.07513591,57134000
United Kingdom,GBR,EU,1991,3.398247769,5.054094876,57291000
United Kingdom,GBR,EU,1992,3.401414386,5.035473663,57446000
United Kingdom,GBR,EU,1993,3.403783001,5.020767792,57602000
United Kingdom,GBR,EU,1994,3.405444131,5.010073258,57763000
United Kingdom,GBR,EU,1995,3.405915244,5.004515716,57932000
United Kingdom,GBR,EU,1996,3.406501232,5.004992618,58114000
United Kingdom,GBR,EU,1997,3.407421751,5.01006133,58307000
United Kingdom,GBR,EU,1998,3.408111439,5.015507659,58510000
United Kingdom,GBR,EU,1999,3.407451749,5.019655868,58716000
United Kingdom,GBR,EU,2000,3.404378972,5.018732261,58923000
United Kingdom,GBR,EU,2001,3.388922657,4.998205325,59124000
United Kingdom,GBR,EU,2002,3.359419899,4.9558705,59326000
United Kingdom,GBR,EU,2003,3.325753859,4.9058046,59561000
United Kingdom,GBR,EU,2004,3.296914382,4.861512887,59873000
United Kingdom,GBR,EU,2005,3.282039944,4.83814931,60288000
United Kingdom,GBR,EU,2006,3.280226997,4.840131507,60821000
United Kingdom,GBR,EU,2007,3.283518026,4.857431793,61455000
United Kingdom,GBR,EU,2008,3.289161764,4.881475797,62145000
United Kingdom,GBR,EU,2009,3.293817125,4.903819605,62829000
United Kingdom,GBR,EU,2010,3.294677673,4.914907088,63460000
United Kingdom,GBR,EU,2011,3.292277323,4.917859005,64022000
United Kingdom,GBR,EU,2012,3.290187167,4.921388632,64525000
United Kingdom,GBR,EU,2013,3.287678132,4.92491133,64984000
United Kingdom,GBR,EU,2014,3.284954449,4.928127369,65423000
United Kingdom,GBR,EU,2015,3.281753864,4.930972976,65860000
United Kingdom,GBR,EU,2016,3.278064047,4.932025069,66298000
United Kingdom,GBR,EU,2017,3.273767222,4.931611392,66727000
United States,USA,NA,1990,3.533203159,5.750293639,252120000
United States,USA,NA,1991,3.519473182,5.732535111,254539008
United States,USA,NA,1992,3.511269052,5.724828234,256991008
United States,USA,NA,1993,3.507758531,5.723755199,259532000
United States,USA,NA,1994,3.507469758,5.72692184,262240992
United States,USA,NA,1995,3.508745887,5.730629737,265164000
United States,USA,NA,1996,3.512402284,5.753131696,268335008
United States,USA,NA,1997,3.518185887,5.802530244,271713984
United States,USA,NA,1998,3.524507216,5.862183905,275175008
United States,USA,NA,1999,3.53058867,5.917049026,278548000
United States,USA,NA,2000,3.533610449,5.949770286,281711008
United States,USA,NA,2001,3.532695356,5.965735113,284608000
United States,USA,NA,2002,3.527159319,5.980310899,287279008
United States,USA,NA,2003,3.520162752,5.994523717,289816000
United States,USA,NA,2004,3.514440291,6.007500031,292355008
United States,USA,NA,2005,3.512941704,6.021193381,294993984
United States,USA,NA,2006,3.512721991,6.025390491,297759008
United States,USA,NA,2007,3.509583249,6.015323063,300608000
United States,USA,NA,2008,3.505492258,5.998963174,303486016
United States,USA,NA,2009,3.501411614,5.982055154,306308000
United States,USA,NA,2010,3.498459667,5.976153715,309011008
United States,USA,NA,2011,3.497634007,5.978508997,311584000
United States,USA,NA,2012,3.498750375,5.983884487,314044000
United States,USA,NA,2013,3.502043354,5.994708058,316400992
United States,USA,NA,2014,3.507216754,6.00945449,318672992
United States,USA,NA,2015,3.514113179,6.03037817,320878016
United States,USA,NA,2016,3.522717243,6.056353553,323016000
United States,USA,NA,2017,3.534153874,6.090078172,325084992
Uruguay,URY,SA,1990,2.418673471,4.110126362,3110000
Uruguay,URY,SA,1991,2.425680328,4.095590047,3132000
Uruguay,URY,SA,1992,2.434758463,4.088968636,3154000
Uruguay,URY,SA,1993,2.443188273,4.083134791,3178000
Uruguay,URY,SA,1994,2.454278505,4.081969573,3201000
Uruguay,URY,SA,1995,2.465012298,4.084028163,3224000
Uruguay,URY,SA,1996,2.477653647,4.09782581,3247000
Uruguay,URY,SA,1997,2.494247583,4.122151816,3270000
Uruguay,URY,SA,1998,2.511682143,4.154242161,3291000
Uruguay,URY,SA,1999,2.531116256,4.181257149,3308000
Uruguay,URY,SA,2000,2.544709716,4.203949627,3320000
Uruguay,URY,SA,2001,2.556727968,4.221014236,3325000
Uruguay,URY,SA,2002,2.56659292,4.238656876,3326000
Uruguay,URY,SA,2003,2.580080003,4.252100291,3324000
Uruguay,URY,SA,2004,2.590686891,4.267139166,3321000
Uruguay,URY,SA,2005,2.601473738,4.278881407,3322000
Uruguay,URY,SA,2006,2.612498218,4.285655047,3325000
Uruguay,URY,SA,2007,2.623295951,4.293845478,3332000
Uruguay,URY,SA,2008,2.636794503,4.299808603,3340000
Uruguay,URY,SA,2009,2.646745309,4.307445325,3350000
Uruguay,URY,SA,2010,2.656077906,4.312487579,3359000
Uruguay,URY,SA,2011,2.6619001,4.322642411,3369000
Uruguay,URY,SA,2012,2.671911929,4.334964175,3379000
Uruguay,URY,SA,2013,2.680719573,4.351716958,3389000
Uruguay,URY,SA,2014,2.68879556,4.371490897,3400000
Uruguay,URY,SA,2015,2.69760181,4.392191422,3412000
Uruguay,URY,SA,2016,2.703839378,4.415914543,3424000
Uruguay,URY,SA,2017,2.714295085,4.439932504,3437000
World,OWID_WRL,WLD,1990,2.741714791,4.312922938,5327230976
World,OWID_WRL,WLD,1991,2.747003203,4.316716194,5414288896
World,OWID_WRL,WLD,1992,2.751732768,4.31868712,5498919936
World,OWID_WRL,WLD,1993,2.755949512,4.317938291,5581598208
World,OWID_WRL,WLD,1994,2.7594267,4.31506642,5663150080
World,OWID_WRL,WLD,1995,2.761326454,4.309054517,5744212992
World,OWID_WRL,WLD,1996,2.763429423,4.301092112,5824891904
World,OWID_WRL,WLD,1997,2.766175901,4.2922872,5905046016
World,OWID_WRL,WLD,1998,2.768873625,4.28311704,5984794112
World,OWID_WRL,WLD,1999,2.771375493,4.275423696,6064239104
World,OWID_WRL,WLD,2000,2.772557402,4.268734442,6143494144
World,OWID_WRL,WLD,2001,2.773596261,4.264780273,6222626816
World,OWID_WRL,WLD,2002,2.774886426,4.262427151,6301772800
World,OWID_WRL,WLD,2003,2.776177379,4.260827048,6381185024
World,OWID_WRL,WLD,2004,2.777318103,4.259311942,6461158912
World,OWID_WRL,WLD,2005,2.776603154,4.256254892,6541906944
World,OWID_WRL,WLD,2006,2.770271373,4.242264553,6623518208
World,OWID_WRL,WLD,2007,2.757460762,4.21351514,6705947136
World,OWID_WRL,WLD,2008,2.742357445,4.179898191,6789088768
World,OWID_WRL,WLD,2009,2.729588646,4.150963563,6872766976
World,OWID_WRL,WLD,2010,2.723350648,4.136690569,6956824064
World,OWID_WRL,WLD,2011,2.722879871,4.133946627,7041193984
World,OWID_WRL,WLD,2012,2.722925627,4.131321796,7125828096
World,OWID_WRL,WLD,2013,2.723165893,4.128892414,7210582016
World,OWID_WRL,WLD,2014,2.724046598,4.127143491,7295290880
World,OWID_WRL,WLD,2015,2.725110805,4.125314563,7379796992
World,OWID_WRL,WLD,2016,2.727239328,4.124258693,7464022016
World,OWID_WRL,WLD,2017,2.730133106,4.124306593,7547858944